Timestamp,B1_RMS,B1_Kurtosis,B1_Peak2Peak,B1_CrestFactor,B2_RMS,B2_Kurtosis,B2_Peak2Peak,B2_CrestFactor,B3_RMS,B3_Kurtosis,B3_Peak2Peak,B3_CrestFactor,B4_RMS,B4_Kurtosis,B4_Peak2Peak,B4_CrestFactor
2004.02.12.10.32.39,0.07417899856512623,3.6287626426442556,0.8400000000000001,6.120330670161392,0.09094388696428075,3.5068005370841773,0.9770000000000001,5.640840930864178,0.10940413919878957,6.213074668222574,1.934,9.350651698298067,0.05410346803954669,3.065959051148628,0.457,4.879539326518411
2004.02.12.10.42.39,0.07538245681139528,3.6482910813108558,0.757,5.147086157867801,0.09341888819652586,3.2530137693762384,0.938,5.1488516860542966,0.10981733168262023,4.395249937981535,1.433,6.847735129581664,0.05610085870694182,3.1075393316008175,0.478,4.43843473592302
2004.02.12.10.52.39,0.07622977446919937,3.513475308823207,0.903,6.5984715749518195,0.0937178978891739,3.310789228477664,0.994,5.367171173587597,0.10986104971344769,5.639947862656676,1.719,8.492545833428304,0.0561452192491155,3.2572364127659483,0.688,6.305078237014397
2004.02.12.11.02.39,0.07872367646602975,4.157952723004808,1.184,7.723216537814511,0.09294709910708282,3.2353407404249004,1.043,6.121761792097077,0.11066653439923697,5.682779117744172,1.951,9.1807338642657,0.05680743024340545,3.8061900787493554,1.038,9.24174879501692
2004.02.12.11.12.39,0.07847429073677968,3.6031769286310373,0.782,4.982523528775831,0.09534796855424806,3.226308794897708,0.938,5.097119606942555,0.1075055998723148,4.578394652033609,1.516,7.171719435226839,0.05684094146786386,3.1389537967943335,0.45599999999999996,4.292680481690301
2004.02.12.11.22.39,0.07831464139380724,3.4560936214628657,0.8049999999999999,5.605592928562067,0.09240471945595839,3.185637597226223,0.96,6.211803935767348,0.11051722747318346,4.862428153168341,1.643,7.7996889689361835,0.05556592676089255,3.1494073383771934,0.489,4.445170168093719
2004.02.12.11.32.39,0.07863244325857172,3.4786149756059883,0.796,5.18869798638139,0.09391848531980072,3.250108395551298,1.04,6.207510672843941,0.10738791213109138,4.822032978692291,1.6139999999999999,8.343583390523769,0.05627907668624504,3.10779375483253,0.45599999999999996,4.246693692798502
2004.02.12.11.42.39,0.07777288022464836,3.4719824550317826,0.749,5.336050289011607,0.09324051612714428,3.103750449214156,0.82,4.397230056523039,0.10623263552958902,4.444896365998774,1.5470000000000002,7.3047232249439995,0.05550468422307368,3.209791004669348,0.456,4.125777908755368
2004.02.12.11.52.39,0.07902942984262255,3.404514320897305,0.747,4.884256419015951,0.09585924383650357,3.451426406817476,1.07,6.394792776015694,0.11058641872246056,5.384554056923434,1.736,8.744292573818544,0.05585509861253156,3.1598373115450946,0.557,5.908144613425886
2004.02.12.12.02.39,0.07571755989830316,3.32520331504832,0.722,4.992236946194446,0.09474187125009063,3.196032358893337,0.883,4.918627781478976,0.10977074854590418,4.461505733410514,1.445,7.114828042494396,0.0554596132439803,3.206106647540921,0.5449999999999999,5.247061473721794
2004.02.12.12.12.39,0.07924111648011797,3.4552119318712826,0.815,5.237180121056545,0.09514610526793123,3.170057774777056,0.793,4.204060679873347,0.10602371468766728,4.101443643754075,1.218,5.753429803860244,0.05552349455199686,3.1744089633248347,0.54,5.241024585141758
2004.02.12.12.22.39,0.077638908086269,3.6415150749455005,0.913,6.105186325821477,0.09332906725625129,3.059147619623621,0.8180000000000001,4.446631817936687,0.10460412281437871,4.636098548686239,1.595,8.288392241847886,0.054774163029177134,3.1100550414613757,0.505,5.038872065520749
2004.02.12.12.32.39,0.07740458087623109,3.364726038214265,0.778,5.167652811654581,0.09438051851622042,3.29046220658734,1.045,6.516175262316501,0.10442234914975398,4.154522513380347,1.213,5.889543809419738,0.05468983164672273,3.0449189911528483,0.456,4.278674718027266
2004.02.12.12.42.39,0.07986468720103242,3.5982531546782233,0.852,5.409149088790465,0.09484019788447104,3.106320661930734,0.776,4.39686977992144,0.10489408069125017,4.541465599186472,1.326,6.520863670213342,0.0562540167836651,3.102383681106627,0.513,4.72855122546983
2004.02.12.12.52.39,0.07921698007145074,3.5511103583412886,0.8049999999999999,5.327140716792938,0.09478245161824854,3.140248542336724,0.847,4.863769528316815,0.10366273438415563,4.215237462759629,1.37,6.665847704144838,0.05563200491356684,3.079900045208742,0.447,4.080385029313263
2004.02.12.13.02.39,0.07866177721938719,3.5530516614826197,0.725,4.716394837676797,0.09463108158296882,3.1959868254526618,0.987,5.421051851237923,0.10472389176238331,4.368298846168042,1.396,6.922966553277187,0.056322874235157555,3.1938711839800735,0.538,5.166639734773222
2004.02.12.13.12.39,0.07845338360094803,3.479966099073495,0.8200000000000001,5.59567962336675,0.09569390236174273,3.165848195193623,0.9059999999999999,4.9741936346228375,0.10870793053018833,5.072459026087738,1.7189999999999999,8.849400363967478,0.056179606561094525,3.2139803382727146,0.5760000000000001,5.340016037203006
2004.02.12.13.22.39,0.07762277416041877,3.447748881159334,0.849,5.7199707792253,0.09294257404608772,3.1176072740378524,0.864,4.884736673796808,0.10421540638377022,5.366988657907563,1.7530000000000001,9.441982084457344,0.054829943062618625,3.2029543008346217,0.5860000000000001,5.617368590885606
2004.02.12.13.32.39,0.07782555832949016,3.341445316373242,0.761,5.203945961882484,0.09496679775469556,3.137407941343514,0.8300000000000001,4.475248297808233,0.10522980038312282,4.152670031000969,1.3250000000000002,6.42403575354895,0.055626265347265356,3.0922079817125856,0.451,4.116760285278758
2004.02.12.13.42.39,0.07893316063389487,3.5964296522845243,0.874,5.967073866262322,0.09547548411192398,3.242524316679871,0.933,5.01699472336247,0.10676083037492612,5.455067043287836,1.8530000000000002,8.75789366489973,0.054763918928490224,3.0815636614284054,0.444,4.181585329914468
2004.02.12.13.52.39,0.07902854786058722,3.506380111063578,0.8029999999999999,5.25126693118661,0.09566555793288081,3.1524805052472984,0.899,5.080198250042913,0.10561785917984882,4.913907069045782,1.5510000000000002,8.41713709123935,0.0553470134201589,3.1503507695277135,0.471,4.372412982122301
2004.02.12.14.02.39,0.07936328499916934,3.3844068433999404,0.742,4.8007085392696105,0.09608866576997063,3.1564794915640446,0.8939999999999999,5.057828580567963,0.10640429169453469,4.286713029167961,1.396,6.606876365646712,0.0552470092516328,3.1642612881271437,0.498,4.8147402656396014
2004.02.12.14.12.39,0.07948672040475141,3.414972442554056,0.6859999999999999,4.327766930731702,0.09433478732476888,3.1334861481249847,0.764,4.420426566123301,0.10652850378720535,4.963304103402002,1.5899999999999999,9.124318519873386,0.054752911773313484,3.228406443745721,0.562,5.351313574208996
2004.02.12.14.22.39,0.07975294340914243,3.520074031791686,0.759,4.927717814549634,0.09627197243113518,3.187193928686347,0.888,4.840453438650973,0.10519049149972219,4.254478936980435,1.3530000000000002,6.502488868034298,0.05664761120708225,3.0815873750234375,0.486,4.660390692114374
2004.02.12.14.32.39,0.07938138784581765,3.484681041558835,0.85,5.505068780717017,0.09674150883281694,3.3711304232280987,1.0670000000000002,6.894661950669704,0.10800230439164829,4.387538137119228,1.528,7.842425259080839,0.056104046321739355,3.1358328182378497,0.437,3.921285797077238
2004.02.12.14.42.39,0.07759187944533484,3.309975550763815,0.7130000000000001,5.219618378819285,0.09475114455525722,3.261594382472645,0.984,6.36403921905493,0.10659309792566601,4.022536467478275,1.254,6.454451680162116,0.05549978093284468,3.127193900108679,0.501,4.666685086800482
2004.02.12.14.52.39,0.07774099563514575,3.3680421199233375,0.732,4.990931706367161,0.09624643586136385,3.1566551621494887,0.862,4.592377848013713,0.10562862258026053,4.612231805636072,1.321,6.750064353610559,0.05521808370070556,3.0949560451636615,0.46399999999999997,4.292072163977898
2004.02.12.15.02.39,0.07751394405806931,3.404208338246493,0.769,5.160361853092411,0.09513670186114098,3.173822002251635,0.883,4.666968596914897,0.10745514484796377,5.315598786554467,1.87,9.129390699607711,0.05549451030352574,3.064747207699993,0.444,4.0003956929393
2004.02.12.15.12.39,0.07827954401833694,3.3419917127536714,0.735,4.9949192334131185,0.0946834910454959,3.2331517446347866,0.925,5.51310470533006,0.10655456096709622,4.20232900829488,1.263,6.832180559824225,0.05516388093459003,3.12458150930045,0.518,5.003273796621815
2004.02.12.15.22.39,0.07886118143611597,3.5350200636292444,0.871,6.188088881160373,0.09587704859488337,3.2907499147594046,0.948,4.943831781919242,0.10490864841241046,5.017434683384363,1.499,7.396911615422175,0.05524736189261664,3.2345610991748845,0.5489999999999999,5.1224165336629515
2004.02.12.15.32.39,0.07858236746600665,3.4890447103350155,0.803,5.128376924687727,0.09492215432057668,3.165506889421826,0.904,4.761796687351606,0.10487340000828083,3.9570967413089555,1.275,6.102596082032865,0.05443486646901965,3.0734951184794377,0.447,4.133380213728523
2004.02.12.15.42.39,0.08023091764702917,3.486711769971117,0.774,4.935753093865595,0.09489323050308963,3.1657361179752685,0.893,4.910782334308109,0.10490426159867149,4.13526919189829,1.316,6.472568317554403,0.05680913167270074,3.143500272564844,0.473,4.207070112899647
2004.02.12.15.52.39,0.07742107025313345,3.5086729705515918,0.732,5.011555623442141,0.09549172595865309,3.20123385151208,0.915,4.880003951355672,0.10425167981447889,4.434412997331692,1.351,6.561045358858605,0.055391673121254204,3.1759125783377575,0.5740000000000001,5.596509051485045
2004.02.12.16.02.39,0.07901612461528817,3.404492415747514,0.74,4.758522413376508,0.09626068173276278,3.2295606492347853,0.935,4.9449057645515415,0.10672920611294737,4.7143269486039925,1.621,8.207687772669866,0.055981837787887734,3.152770647519533,0.542,5.198114451022201
2004.02.12.16.12.39,0.07823475415576188,3.4066809287512814,0.6619999999999999,4.588753475025269,0.097852774505967,3.3069613520962955,0.891,4.9359867662265104,0.10813122588650677,4.3174828224675945,1.302,6.0759507220382325,0.0555853180965138,3.11426623085635,0.452,4.083812196700139
2004.02.12.16.22.39,0.07812870584960675,3.4218788787843972,0.71,4.556583859014373,0.09525619930408401,3.1137938912215692,0.755,4.230695775647242,0.10287416843527825,4.426502408342559,1.455,8.019505892959286,0.055627612298210324,3.195880194555942,0.511,5.141331583077875
2004.02.12.16.32.39,0.07686189103169887,3.409627806173568,0.76,5.373273991264062,0.09595532942020796,3.173085686776879,0.825,4.804318871974135,0.10628541643185932,4.347211932829602,1.44,7.094105901945609,0.055640146726391504,3.033498695927733,0.45399999999999996,4.3853227274877895
2004.02.12.16.42.39,0.07986518700725069,3.5706517890996228,0.8089999999999999,5.722142739846218,0.09652050689855046,3.215822081523011,0.877,4.579337740782606,0.10492086955028299,4.1663803941882165,1.333,7.281678118706932,0.05646707809160241,3.1600982637971593,0.496,4.675290610428472
2004.02.12.16.52.39,0.07742917473155306,3.3569692841046233,0.734,4.881880780862329,0.09548428550969461,3.2629708782870037,0.967,6.084770880345651,0.10745294982354486,4.864002224169101,1.55,7.426506217934875,0.05610140094061824,3.2587931953743987,0.589,5.490058979561123
2004.02.12.17.02.39,0.0784612560514543,3.6561008820895786,0.896,6.347081668861065,0.09679553772280453,3.27543904828842,0.906,4.721292021835973,0.1068019414032348,5.579939922114935,1.858,9.260131295422738,0.05663766457780657,3.0975187996884603,0.478,4.219806762541759
2004.02.12.17.12.39,0.0785959604559929,3.5058926832599493,0.725,4.720344377084477,0.09723323431558137,3.199298307828632,0.842,4.391502586596303,0.10717779907814107,5.235518382076402,1.665,7.884095468166204,0.0563313886017101,3.1320730134927657,0.478,4.455775123434116
2004.02.12.17.22.39,0.07866142681365101,3.453114007552955,0.747,4.996095493297081,0.09511981727627464,3.148369924907655,0.984,5.309093461914799,0.10526330592480339,4.401758131800796,1.428,7.143989953509572,0.05577357396414879,3.138691962476336,0.473,4.285183519952102
2004.02.12.17.32.39,0.07762854039078106,3.430764022232676,0.779,5.783955201781972,0.09504406769855496,3.1384097036275556,0.823,4.724124407470268,0.10299200728431855,4.163425357908132,1.237,6.3500073184764245,0.05507993835667393,3.1682948222939555,0.45899999999999996,4.3391479208335175
2004.02.12.17.42.39,0.07820874324224403,3.488396336752809,0.749,5.3063120924290725,0.09458627272644403,3.1835254854912503,0.827,4.694127247027764,0.10185255408401647,4.084606835577633,1.162,5.989049616731468,0.055519513742917456,3.063034373451503,0.447,4.052629153811761
2004.02.12.17.52.39,0.07808856431612202,3.536781662751291,0.913,6.006001059276373,0.09683363683481196,3.4142096945384077,1.0859999999999999,6.020635174474928,0.10702843632250555,6.123223334762214,1.892,9.875880058781517,0.05538090932069913,3.1887912733896777,0.529,5.019780343261625
2004.02.12.18.02.39,0.07648226248359404,3.4576700058997076,0.705,4.7200486528158985,0.09473453349195055,3.1890539413388863,0.979,5.277906393474606,0.10497783178374197,4.287255038277174,1.487,7.811172950201799,0.055835726200278796,3.12323867016074,0.501,4.817703973887903
2004.02.12.18.12.39,0.07891327536794347,3.3564760255027606,0.6890000000000001,4.612658621794652,0.09578614613301667,3.1346844751907335,0.786,4.1028897796373105,0.10704842790984252,4.733605172981252,1.455,6.959466986544146,0.05600931972881277,3.185017274060189,0.5860000000000001,5.659772365293097
2004.02.12.18.22.39,0.07732266473953077,3.498286101761717,0.752,5.121396182270311,0.09449837005662783,3.2704278986319677,0.913,4.910137600489295,0.10658380583379272,4.068720353158305,1.226,5.751342759855236,0.05572195158707092,3.128188685495836,0.483,4.504508418155246
2004.02.12.18.32.39,0.07824754763529333,3.329758248993226,0.764,5.303680595004558,0.09602726841526252,3.182610544256581,0.911,5.008993882028931,0.10460732050820463,3.9536161721882292,1.294,6.376226795214446,0.05622907119333935,3.112558287673822,0.449,4.125979588072615
2004.02.12.18.42.39,0.0769698265505305,3.4243128403754697,0.771,5.261802165217542,0.09471815381493337,3.3387513027605618,0.855,4.666476089299724,0.10272164250947192,4.159766503739327,1.353,6.775592591754187,0.05521778304543859,3.1504887734668334,0.46599999999999997,4.292095533878519
2004.02.12.18.52.39,0.07847964256337435,3.553398547399073,0.792,5.045894541125359,0.09655180007465552,3.206665123356046,0.972,5.137138816847373,0.10489837995501884,4.214340738856491,1.289,6.654058912056671,0.056001716805435975,3.1070165993688743,0.515,4.624858214612082
2004.02.12.19.02.39,0.07853956351488958,3.5791138307510244,0.8300000000000001,5.436750357277566,0.0961099844010106,3.271340218613142,1.045,5.462491782430043,0.10347393028220622,4.489462265889292,1.555,9.103742338102624,0.056238176274690174,3.1447980616240283,0.503,4.516504922907893
2004.02.12.19.12.39,0.07938090836770041,3.627682513208398,0.9930000000000001,6.7018633439632875,0.09549046551308801,3.1479687682553763,0.871,4.932429614508941,0.1042355835824102,4.5309454622456435,1.252,6.370185470061016,0.05526933697245698,3.1284570734867234,0.472,4.469024119523823
2004.02.12.19.22.39,0.07691333012919477,3.3985078570542333,0.738,5.018635902926301,0.09580923148575311,3.2914047717655537,1.049,7.00350049358008,0.10317487714282726,4.089851746767514,1.167,5.892907428989057,0.057307236757373196,3.1900659310638115,0.515,4.728896651348888
2004.02.12.19.32.39,0.07662792325938943,3.425242785473347,0.793,5.220029239810919,0.09407310493581907,3.132224030893311,0.782,4.156342030666022,0.10526469334046673,4.39810507927167,1.374,6.535904662494402,0.05508184207315397,3.0525892192967294,0.459,4.211914330894776
2004.02.12.19.42.39,0.07833920727505721,3.613387552300388,0.7909999999999999,5.642130107955924,0.09632820331505332,3.370060954599383,0.9299999999999999,5.242493710261936,0.10513800152767969,4.019394403843014,1.2229999999999999,6.753029253776316,0.05642163657869869,3.1410640808870447,0.5509999999999999,5.317109148040228
2004.02.12.19.52.39,0.07738031364276786,3.4843217611881623,0.813,5.957587638223358,0.09575426592773492,3.1831700204454205,0.8180000000000001,4.689086127388384,0.10447311397181933,5.203556437332323,1.7309999999999999,9.227254394465836,0.055213429992733654,3.1292842641937257,0.483,4.419214673533442
2004.02.12.20.02.39,0.07742347280137335,3.4494151207921924,0.835,5.8380228068506685,0.09501210500592149,3.34651446607314,0.942,5.420361963014117,0.10305813220353478,4.398822492604157,1.362,7.248336293585367,0.05433049858202918,3.120776568756562,0.498,4.675090540840633
2004.02.12.20.12.39,0.07599751100981861,3.2985831400319756,0.694,4.565939007596826,0.09407815562198471,3.1664830486569655,0.83,4.411225935035449,0.10219023983330061,4.278263925047413,1.404,6.908683267126814,0.05411561290927855,3.125812815631964,0.486,4.693654683830619
2004.02.12.20.22.39,0.07812885896719358,3.347930953245105,0.737,4.9661546978808655,0.0971620045437162,3.1915876504630876,0.8300000000000001,4.446182456081686,0.10547439244166093,4.173369611298871,1.207,6.115228398748604,0.054244776714272226,3.1297392002764903,0.456,4.313779393591508
2004.02.12.20.32.39,0.0786632849704597,3.412990629153619,0.7789999999999999,5.250225694936249,0.09569291756789658,3.2366233871727617,1.033,5.590800381025104,0.10591002870213709,5.795106399579899,2.063,10.716643304781746,0.05593206371977638,3.219831505985465,0.551,4.970315441833146
2004.02.12.20.42.39,0.07712632634090483,3.395073441421392,0.669,4.434283547855389,0.09561720582002031,3.2052111430541443,0.8160000000000001,4.497098574595313,0.10459687962153794,4.065480887483738,1.209,5.9083980539008865,0.054547167716201134,3.0665951734962498,0.466,4.289865263352607
2004.02.12.20.52.39,0.07930147000233508,3.4723936249303304,0.777,4.930551728593263,0.09522501953637566,3.1810602453309476,0.931,4.977683410387051,0.10423843189339405,3.7934352136022493,1.1480000000000001,5.621726932723907,0.05677704218723664,3.133264329561993,0.51,4.808281472284405
2004.02.12.21.02.39,0.0769426198413264,3.394462244810976,0.7689999999999999,5.302652818962897,0.09602583651964128,3.1059972898756,0.833,4.884102206223114,0.10216575982426182,4.239636932162983,1.347,6.832034540737027,0.055602065584523255,3.0169624208784893,0.498,4.568175612358914
2004.02.12.21.12.39,0.0771994016001541,3.3780082777784424,0.774,5.025945693330679,0.09451992752440487,3.1774893915244364,0.915,5.268730235446037,0.10593771847322606,6.379747161306049,1.911,9.260157894073686,0.0551513396362398,3.0744160963157796,0.491,4.605509162158181
2004.02.12.21.22.39,0.07699636792620886,3.4364865722352333,0.752,4.94828535763063,0.09572027040295919,3.199016988573738,0.935,5.07729447434757,0.10207879563150285,4.003036302255984,1.1869999999999998,6.054146663631649,0.05570113776258861,3.0558695977707138,0.45199999999999996,4.254850251177093
2004.02.12.21.32.39,0.0774460721521555,3.4911372191123604,0.8420000000000001,5.926704702314913,0.09550188101468866,3.1388645532315853,0.95,5.193614981507147,0.10481296725820116,4.222198921619243,1.343,6.850297427714695,0.055324842814253664,3.262734499268757,0.506,4.771816539747749
2004.02.12.21.42.39,0.07664165646604577,3.346004972164705,0.7130000000000001,5.127759734343805,0.09583315732547243,3.2060181473394054,0.849,5.1443572742329,0.10463893183078418,4.646822060284451,1.587,8.467211815892638,0.05503973396059546,3.2958428942463356,0.6839999999999999,6.795090984047224
2004.02.12.21.52.39,0.07695564843578329,3.4469901117158317,0.755,5.015876129249993,0.09564606079349271,3.1302977212296454,0.8320000000000001,4.5898387906202975,0.10402389181509879,4.3927113991049564,1.416,7.325240256867584,0.05443408158756102,3.1326356189831213,0.44,4.262035717950193
2004.02.12.22.02.39,0.0773247059887718,3.4880416166718633,0.825,5.742019892897783,0.09598725018076945,3.1715128251316944,0.854,4.500597727160945,0.10383587772033867,4.579198650474679,1.577,10.160264671151845,0.05588791360141073,3.1378021885222123,0.437,4.025915184536796
2004.02.12.22.12.39,0.07577292447823547,3.588164861556331,0.861,6.598663090318189,0.09416002860199292,3.218485258869486,0.894,5.395070578698275,0.10348127354555207,4.785811206843225,1.5819999999999999,7.953129796356038,0.05540936609962706,3.138068240876262,0.518,4.674300000731162
2004.02.12.22.22.39,0.07668913124793174,3.3623983965568214,0.74,5.09850605473569,0.09648240964597511,3.1063137377346526,0.808,4.684791783896494,0.10606608369939999,4.636326154360265,1.611,7.985587573879579,0.05579782973140062,3.1745432174390125,0.5,4.982272632076111
2004.02.12.22.32.39,0.07740031675131004,3.5401611783934817,0.8029999999999999,5.67181141403494,0.0959002057499911,3.392083115243781,1.0130000000000001,5.7768384923413105,0.10387668470354645,4.246609681706514,1.37,7.499276687768648,0.0568191935172713,3.245147404155357,0.5740000000000001,5.244706613257668
2004.02.12.22.42.39,0.07795509180220767,3.326074003574518,0.781,5.105503576467198,0.09790498622708141,3.199672441702064,1.0030000000000001,5.556407502455934,0.10422949719699075,4.371986962382987,1.4889999999999999,7.23403662376843,0.05570496578304869,3.056940267729523,0.474,4.344316464397539
2004.02.12.22.52.39,0.07882041185009597,3.394825113515933,0.769,5.544249132205821,0.0969382235728153,3.2173348924129366,1.033,6.272035710900973,0.10619415559078864,4.573925098875823,1.409,7.542787976831744,0.056413775034754365,3.1846573202714126,0.534,4.839243603744213
2004.02.12.23.02.39,0.07756062271096398,3.340161177797444,0.7250000000000001,4.938072782464381,0.09489379780221743,3.1299100237634785,0.864,5.427119705688138,0.10220089146772093,4.336080462562071,1.416,7.123225536931163,0.05621529528365145,3.0530039074065765,0.471,4.304878214708561
2004.02.12.23.12.39,0.07689052656973988,3.4461346262694326,0.694,4.577937175143874,0.09670710046966562,3.313454532863942,1.052,5.625233280266096,0.10418745828958373,4.081489839308307,1.158,5.768448620078159,0.0556455474690024,3.156524726815974,0.544,4.9060529084034235
2004.02.12.23.22.39,0.07824627430976747,3.4445772787585356,0.854,5.521029644041128,0.09559822260908216,3.1747507168074374,0.825,4.592135585984143,0.10377113842452473,4.442726635952626,1.413,7.5261774310015905,0.05519700778093637,3.140901809941013,0.479,4.601698719033192
2004.02.12.23.32.39,0.07672532972039368,3.6543006059840124,0.808,5.408904745178208,0.09450450577262508,3.1531224526838266,0.8480000000000001,4.835748266855423,0.09953857263094669,4.364032616851847,1.355,6.891800654440183,0.05522377771395216,3.1345240797386906,0.491,4.816765730476199
2004.02.12.23.42.39,0.07738254866499697,3.3863550827223334,0.786,5.518040015049906,0.09595587975405677,3.10635006705002,0.83,4.377011612800553,0.1057414015139795,4.098528276200653,1.4569999999999999,7.1778885955058644,0.056204660546857674,3.3371074036062893,0.794,7.2591844880879846
2004.02.12.23.52.39,0.07699061808712475,3.4490551594338545,0.71,4.688882995996762,0.09424114420845468,3.1788891702940223,0.9179999999999999,4.9978170782623526,0.1056128263602337,5.539898718834978,1.74,10.121876639810385,0.054556792459927714,3.156863169892477,0.452,4.16080179506031
2004.02.13.00.02.39,0.07482262488921716,3.3027462055056254,0.706,4.931663391204782,0.09448214633761504,3.175123223242904,0.859,4.572292403861416,0.10245075608249556,4.211554772393651,1.385,7.1058528783701576,0.05575478451302408,3.0128213346094403,0.481,4.340434675045149
2004.02.13.00.12.39,0.07733855853789073,3.58162761268939,0.904,5.90908349780143,0.0954862189929946,3.213391930703134,0.874,4.733667379092277,0.1034476500873449,4.340573495164097,1.403,7.453045084629903,0.0555373119405155,3.139915318110692,0.457,4.177371786529548
2004.02.13.00.22.39,0.07679397533945942,3.3194399375811274,0.716,4.8701737128046005,0.09368308262809848,3.173230548639129,0.747,4.504548613918358,0.10128302702081925,5.178081611190562,1.579,8.747763826389965,0.05609135440567022,3.14800710647901,0.5,4.7422638090748315
2004.02.13.00.32.39,0.077721765308917,3.439359238649662,0.754,5.40389166832027,0.09635350841554434,3.2913523343271853,0.952,5.116575494831346,0.10105856734192864,4.451002947917392,1.4009999999999998,7.00583848180336,0.054886532903259844,3.0808023869942813,0.417,3.862513968110542
2004.02.13.00.42.39,0.0773589786144157,3.573064649007782,0.781,5.713622489809271,0.09491967847252815,3.2512409016754353,0.8400000000000001,4.60389254401528,0.10194069320757351,4.169472210531371,1.272,6.543020054237245,0.05616129290100523,3.2258499825883726,0.608,6.516943985693907
2004.02.13.00.52.39,0.07689176995692956,3.263130457137246,0.755,5.24113309169158,0.0939470938630488,3.2962981014032273,1.182,7.9299951639379325,0.10363333401913631,5.518405819980394,1.5899999999999999,8.5783209467703,0.054951646891551395,3.1601230199915924,0.451,4.167300034736682
2004.02.13.01.02.39,0.07492218065631082,3.440956468817471,0.718,4.7916384287696365,0.093893104061131,3.1794985865361793,0.899,5.048294065253107,0.10175417873790246,4.381616166521081,1.377,6.790875898864771,0.0558327060463052,3.086379817613305,0.474,4.244823809962615
2004.02.13.01.12.39,0.07763068115281484,3.6069125322892983,0.872,5.822440216777755,0.09586104343495067,3.235212276771436,0.994,6.269491531331246,0.10566284455166822,4.864814856294062,1.5699999999999998,8.896220842704533,0.05661472683782794,3.154748061201465,0.45899999999999996,4.221516438374983
2004.02.13.01.22.39,0.07778453061583003,3.4203109108981145,0.721,4.808153974048495,0.09530793073063883,3.145011042884911,0.896,4.8894147258009255,0.10530207408517947,4.017797445641945,1.245,6.096746009776431,0.05539745241773308,3.175120593671362,0.513,4.6753052477390185
2004.02.13.01.32.39,0.07858931119423541,3.38013994309692,0.771,5.000680041954953,0.09548303902886365,3.2413092544930273,0.891,4.964232441917921,0.10338539402287746,4.209942302485538,1.2799999999999998,6.780454885579682,0.05485031433293591,3.089612686912099,0.418,3.828601577838206
2004.02.13.01.42.39,0.07599053317889341,3.3464396355508277,0.732,4.947984759033577,0.09467675011172885,3.23831540216892,1.0150000000000001,6.854903650939745,0.10455251371918324,5.209817751576677,1.9969999999999999,12.051360174698658,0.055611718042097476,3.1216411255018124,0.488,4.6932554718490405
2004.02.13.01.52.39,0.07671097179256287,3.358155992917113,0.718,5.031874723785245,0.09500798100727183,3.210906030654741,0.9470000000000001,5.136410592312754,0.10487199926800647,4.124841856584492,1.264,7.189717038511961,0.055003622483688515,3.213293233728929,0.594,6.308675398659495
2004.02.13.02.02.39,0.07504429291050387,3.3535492935283626,0.767,5.663322066434091,0.09449653210609438,3.1854929119210382,0.874,4.984309894792676,0.10290877805883471,5.035958221913908,1.482,7.375464117998435,0.05551554144378739,3.1364547063575228,0.481,4.575295374849029
2004.02.13.02.12.39,0.07824627774193958,3.542882081381523,0.755,5.150404742946567,0.09567113776663524,3.288485137913889,1.067,6.14605421997042,0.1056577977001402,4.971783876317854,1.633,7.741974731685275,0.05531625163830699,3.128567924923893,0.45899999999999996,4.374844513730805
2004.02.13.02.22.39,0.07745035456261644,3.5008486498061995,0.764,5.422828628375636,0.09563400335474956,3.1786711662631233,0.842,4.517221750066423,0.10208588363098373,3.950623692275707,1.213,5.975360924581947,0.055382267088053556,3.1501647595870272,0.493,5.0196572769042005
2004.02.13.02.32.39,0.07831602988602893,3.536634530968217,0.845,5.579955989035113,0.09562300140885298,3.205723922929258,1.0030000000000001,5.7412964654043215,0.10310756836574547,4.083788096057664,1.216,5.993740418819854,0.05605890674451852,3.09736469118854,0.449,4.049311932437859
2004.02.13.02.42.39,0.07656014919860397,3.389219362091987,0.8029999999999999,5.799361739071638,0.0962074667588553,3.2178828622115665,0.925,5.3530148682830525,0.10198969291520345,4.071772788810202,1.311,6.843828822784407,0.05601958667998966,3.2726749633543775,0.608,5.801542268716718
2004.02.13.02.52.39,0.0776802038005823,3.4508614826233655,0.759,4.904724516146854,0.0949029124577784,3.1662380512119377,0.859,4.96296676047265,0.10168318334607068,4.770149009135056,1.6549999999999998,9.411585755954611,0.05639963084431493,3.1848170286100714,0.552,5.070955176807309
2004.02.13.03.02.39,0.07571563009461785,3.3925339025403622,0.774,5.230095813838433,0.09529101320305931,3.1252599645539045,0.791,4.1976676137090125,0.1033623894118256,5.412364177060872,1.794,9.326409784889412,0.055872414125006716,3.146658571995296,0.471,4.367092487789844
2004.02.13.03.12.39,0.07794620572117751,3.5248632368505843,0.749,4.977792009375291,0.09486180043431933,3.132093532887888,0.7949999999999999,4.395868495967706,0.10258438813705098,4.251565359528317,1.355,6.999115684550015,0.055365692996091904,3.168217665111467,0.542,4.985036492173629
2004.02.13.03.22.39,0.07659392690463046,3.4165630099460307,0.75,4.974284716781726,0.09515260563628829,3.1722858300953147,1.069,5.948339472315458,0.10230512391325397,4.2532962430208165,1.504,7.467856650540856,0.05578201198709244,3.064202003098479,0.452,4.159046827742304
2004.02.13.03.32.39,0.07639991985536536,3.445374125677436,0.867,6.1387498951291555,0.09551578551843211,3.13525956917469,0.7909999999999999,4.344831566295558,0.10417701680350673,5.245129029189943,1.745,8.831122528064478,0.05527658791816839,3.0587747440611266,0.44699999999999995,4.287529475423762
2004.02.13.03.42.39,0.07663180186215528,3.4007797505176063,0.7010000000000001,4.841332070820311,0.0961069881633387,3.097205993618318,0.864,5.077674468069057,0.10123237139165576,4.254230754628344,1.521,7.665532174463741,0.0555554353460071,3.090905784413637,0.498,4.788010360162142
2004.02.13.03.52.39,0.07728281753869194,3.531657519615974,0.833,5.654555746252577,0.09580634076949514,3.210948142488767,0.9490000000000001,5.093608586660267,0.10167501123755163,4.256989454015623,1.3010000000000002,6.432258939927791,0.05586623384464336,3.144402053661759,0.46599999999999997,4.242276303411928
2004.02.13.04.02.39,0.0776406155665118,3.4422063380916783,0.7889999999999999,5.473939083287129,0.09660048656143638,3.196420930281473,0.881,4.803288435870386,0.10271358511125123,4.193934293652962,1.1960000000000002,6.201711285902951,0.05617388774210398,3.0846554054410613,0.506,4.6996925192721575
2004.02.13.04.12.39,0.0768205504579097,3.4360999697344807,0.8029999999999999,5.532373791474708,0.0946447224430825,3.200169489257756,0.92,4.870847397510585,0.10258394761654355,4.783690580316075,1.755,8.753806232498514,0.05530566562650363,3.1507341968890934,0.505,4.592657861047023
2004.02.13.04.22.39,0.07606189688801565,3.4773209140232173,0.786,5.521818639605547,0.09551085661048564,3.271151513000495,1.021,5.371117150504966,0.1047031089109822,4.870874263480986,1.5430000000000001,7.621550193685784,0.054973109992664825,3.136238083399959,0.46199999999999997,4.402152252843082
2004.02.13.04.32.39,0.07604057915175538,3.447945465688588,0.708,4.852672140536711,0.09500819480485947,3.2539670358570585,0.901,5.599516979484693,0.10239258758419723,4.887539754853241,1.5310000000000001,8.633437447540707,0.055161076718693816,3.081267748604516,0.498,4.69533981943152
2004.02.13.04.42.39,0.07735977517064747,3.418356203515617,0.745,4.9250401666700085,0.09458604403696404,3.0918883134380795,0.918,4.873869128302291,0.10367835958431128,4.853844459052184,1.496,7.368943751262914,0.05687269998783467,3.2509696888736035,0.54,4.852943504687445
2004.02.13.04.52.39,0.07650372776099296,3.476538144062202,0.6950000000000001,4.71872431011216,0.0955275974522546,3.190307454706508,0.852,4.961916897752073,0.10322528480865589,5.0678084004142665,1.472,7.4981628913374205,0.055590563427505395,3.1432680996003097,0.506,4.838950775355926
2004.02.13.05.02.39,0.07627544849405181,3.387836383529768,0.718,4.7721777739318805,0.0933164093077619,3.1172356909502676,0.786,4.68299201867866,0.10318267350349149,5.095860168540722,1.701,8.79992705334656,0.05477442377606541,3.051225015559671,0.45399999999999996,4.4181204167362855
2004.02.13.05.12.39,0.07797731008871667,3.4254419235589375,0.766,5.347709475045613,0.09652016492074662,3.227873400252685,0.923,5.263148901756668,0.10516777077491765,3.952112637711959,1.206,6.29470412011325,0.056624871947288984,3.0842657666045983,0.454,4.0441592559038675
2004.02.13.05.22.39,0.0760653325402126,3.450632419481403,0.782,5.42954308103056,0.09496543496394162,3.183942723840024,0.918,5.580977965311706,0.10219368291692496,3.971371164444832,1.225,6.13540858988025,0.055369776136218934,3.046643141497908,0.478,4.497038228715577
2004.02.13.05.32.39,0.07680503453601284,3.478355256237022,0.726,4.8694724539787355,0.09611660500565186,3.2325355542114003,0.883,4.619389126092123,0.10160464438088264,4.825469462174052,1.621,8.218128266556965,0.054746832992021106,3.1345572311237233,0.483,4.9500580250824004
2004.02.13.05.42.39,0.07551238321978224,3.3984273331430606,0.7569999999999999,5.403087316321316,0.0940717637153446,3.1490564029743893,0.77,4.209552201001267,0.10373754066754234,5.029736824346655,1.516,7.557534089925653,0.05564652366233784,3.1406452307232096,0.479,4.4387319053170655
2004.02.13.05.52.39,0.07894839654107137,3.5276336298870357,0.896,5.725258774126663,0.09537669789814032,3.1942190988588157,0.835,4.655225120858972,0.10380714187895804,3.9618252209843003,1.096,5.433152187714015,0.056143529009222204,3.2006841195222355,0.476,4.346003970643175
2004.02.13.06.02.39,0.07721538210988145,3.486232419644201,0.766,5.024905522682722,0.09530873020208787,3.21069403170332,0.861,4.658544910403953,0.10448579215242018,4.184249945362646,1.296,6.307077607629888,0.05524544752878965,3.200718768637241,0.5609999999999999,5.339806503445716
2004.02.13.06.12.39,0.07775822278664488,3.510527441629946,0.776,5.054127858327267,0.09702652866935414,3.166193412030122,0.8640000000000001,4.75127788577277,0.10288462729292032,4.114639568726981,1.23,6.074765652020857,0.0565066277051584,3.220133146758971,0.505,4.49504793181655
2004.02.13.06.22.39,0.07727334295376381,3.6148985783371206,0.825,5.396427591459453,0.09528412051882977,3.221967910066796,0.972,5.562311926836361,0.10402577688178721,4.239472152061269,1.287,7.017491451465507,0.05557835957217859,3.1784933925693717,0.5229999999999999,5.145887755621449
2004.02.13.06.32.39,0.07669008183816046,3.404083122134842,0.832,5.502667227432996,0.09601223015764059,3.3072513671492447,0.987,6.436679983220033,0.10138993272032115,4.744035747736175,1.455,7.702934394426988,0.05568775077104031,3.0863782473402748,0.488,4.561146688152638
2004.02.13.06.42.39,0.07812782526141454,3.537888873394513,0.788,5.183812535993112,0.0959725775653194,3.187762615038349,0.854,4.907651872530308,0.104486888942764,4.31439339145479,1.345,6.584558186787183,0.054599951350710926,3.1908236356201143,0.488,5.091579628236799
2004.02.13.06.52.39,0.07781836762515486,3.40024557667388,0.798,5.615640797105841,0.09466636495766,3.2312296311648674,1.018,5.97889229456678,0.105521366273539,4.935371575418903,1.5939999999999999,8.443787561376856,0.05572083475488545,3.128978226340756,0.5,4.68406478740192
2004.02.13.07.02.39,0.07918462868462461,3.4507943486351516,0.74,4.811539895166286,0.09617966687565777,3.24142690756102,0.843,4.47079943160865,0.1023195240888347,4.2156847443136645,1.391,7.154059858258051,0.055697047354275206,3.143795648670098,0.474,4.470614006092141
2004.02.13.07.12.39,0.07639264641168841,3.3466352920025497,0.708,4.791037059085315,0.09382379959846941,3.1727151300520293,0.862,4.6576668379472554,0.10248658806117938,4.475278685668327,1.621,9.835433290044492,0.054557098547788674,3.1240922676240044,0.488,4.564025702024664
2004.02.13.07.22.39,0.07713871940374692,3.4445053285611085,0.784,5.5743730687226485,0.09697441421178449,3.291456619769651,1.0010000000000001,5.58910310936568,0.10336590894880429,4.987448032367108,1.6019999999999999,8.716606946747335,0.05498807976294158,3.0987097052213013,0.488,4.83741205633565
2004.02.13.07.32.39,0.07619743481420897,3.3380137985962994,0.752,4.934549318055063,0.09470764353599251,3.165408931400544,0.867,4.825376104161251,0.10166782591445474,4.666694416209509,1.4300000000000002,7.416308878626264,0.05401776237816362,3.0524983734010247,0.434,4.239346280151952
2004.02.13.07.42.39,0.07634856558440947,3.4714581263449666,0.73,4.898585810188051,0.0946982734176355,3.1989234580689816,0.881,4.920892252648163,0.1022864579620483,4.18986151785715,1.238,6.657772823189106,0.05547390116926607,3.218374546529423,0.556,5.1014980744997445
2004.02.13.07.52.39,0.076352099612482,3.3800510420069867,0.72,5.238886710780227,0.09508725639182676,3.254540289723816,0.854,4.490612267120821,0.10461731602607668,6.701245894479851,2.09,10.45715988094468,0.05575763330589813,3.123439097091909,0.529,5.2907554088884625
2004.02.13.08.02.39,0.07497011253451272,3.338578330310497,0.6839999999999999,4.628511126220565,0.0942338454428828,3.225358702480565,1.013,6.3459152832987265,0.10142742243340493,4.9582957176332005,1.8479999999999999,9.7705332169973,0.055087321483997115,3.1201427689564043,0.476,4.429331349335656
2004.02.13.08.12.39,0.07599478131496513,3.2445073274091016,0.662,4.3687210391988,0.09625249185086067,3.285296011579453,0.923,5.682969754669358,0.10460119973656194,4.176837349738709,1.2890000000000001,6.414840381275866,0.05510691800590353,3.068037984612312,0.432,3.99223923167744
2004.02.13.08.22.39,0.07637512818370995,3.6446447698043443,0.884,6.075276219293686,0.09520744774159609,3.1746671357142024,0.813,4.716017608398005,0.10565800912651215,4.802967745920371,1.643,7.997500681545296,0.055337148462854494,3.0776550893301646,0.485,4.535831841217583
2004.02.13.08.32.39,0.0761586642390206,3.3468116029579766,0.711,4.779495591697907,0.09425926264166297,3.150638730849253,0.8220000000000001,5.17721003033077,0.10217507402470098,4.503298029347192,1.577,8.818197672968477,0.054875149042365935,3.1389096459014194,0.479,4.5011267269507655
2004.02.13.08.42.39,0.07675040716504376,3.410212257750901,0.757,5.029289280120002,0.09500282505051165,3.083559189147358,0.7909999999999999,4.294609131708159,0.10593586397151168,4.2690827344473945,1.362,6.702168400598814,0.05482591902088259,3.1432678514503216,0.46799999999999997,4.359252052099072
2004.02.13.08.52.39,0.07775600390052285,3.5009742049448347,0.7929999999999999,5.71016998980595,0.09593354913485362,3.2072259976015594,0.9400000000000001,5.858221707298639,0.10356373316065752,4.248480100314668,1.4089999999999998,7.946797347709427,0.05550670708346875,3.095974037780653,0.449,4.12562755084064
2004.02.13.09.02.39,0.07829207447616425,3.504321405708297,0.752,5.147392027818754,0.09507793729439155,3.2519456136800233,0.821,4.806583030771719,0.1046448014602553,4.5723267802826175,1.758,8.724752565436924,0.05489470923105887,3.077703423925778,0.444,4.444872801365477
2004.02.13.09.12.39,0.0777104419815558,3.3657509634861618,0.767,5.095840274515344,0.09657091412572485,3.149336440130164,0.8220000000000001,4.369845763814577,0.10468037032624897,5.035788342790876,1.597,8.09129732117132,0.05597732564465835,3.1600750185825177,0.474,4.323179023167444
2004.02.13.09.22.39,0.0764751437227932,3.414344141995989,0.71,4.720488022991515,0.09609366412597789,3.1752988416575394,0.787,4.120979292462485,0.10254623457060418,4.19759095352075,1.2959999999999998,7.021223187910155,0.05553490465253024,3.1876603151263017,0.535,4.879813906147634
2004.02.13.09.32.39,0.07780436422076126,3.6014461458186253,0.827,5.359596523619276,0.09666202319688753,3.2586037085017496,0.9710000000000001,5.224388889226775,0.10351844713134163,4.269373626608063,1.2040000000000002,6.2307735275592,0.056205965402926765,3.0870893466498828,0.449,4.074300625536012
2004.02.13.09.42.39,0.07521345503538164,3.3069850202401407,0.6559999999999999,4.573649752403699,0.09516606527785391,3.230161868308841,0.835,4.413337871790084,0.10022655634938403,4.7157602948617265,1.499,7.602775429534979,0.053680004387981844,3.045647379249904,0.45,4.601340905540232
2004.02.13.09.52.39,0.0767870829209941,3.41097110395468,0.698,4.701311552249371,0.09511548798533023,3.114392563688856,0.903,5.183172692927107,0.10037624483583628,4.128634966270311,1.201,6.156835225413433,0.05532723276603372,3.21426860825591,0.488,4.50049618517818
2004.02.13.10.02.39,0.0774211301679611,3.505432538984968,0.825,5.670286639417591,0.09544300798611441,3.2094677968581395,0.8320000000000001,4.473874084753515,0.10390878897273921,4.604106634093624,1.492,7.333354642405784,0.05526149926287967,3.0843101206940595,0.451,4.234412803149965
2004.02.13.10.12.39,0.07658231248752874,3.601471750235293,0.915,6.7247904022729355,0.095,3.116455056685992,0.896,5.168421052631579,0.10404080549949801,4.9699047242008705,1.712,8.333268815418611,0.055765287894750215,3.2664685927397037,0.562,5.648675222380666
2004.02.13.10.22.39,0.07677764732593889,3.285974613414325,0.679,4.832135561865019,0.09611532633784921,3.1077085362131096,0.833,4.702683923802141,0.1044486091955782,4.252769648675876,1.516,9.114530172607626,0.05497367400842311,3.061240736738589,0.45199999999999996,4.49305971367594
2004.02.13.10.32.39,0.07591135480982078,3.3737099239461084,0.751,5.493249343852469,0.09461161847051014,3.1860633193743437,0.931,5.0099555177543325,0.10321463386812575,3.896473570951168,1.335,7.450493899755807,0.05557025220104278,3.2818539517426886,0.556,5.398571863857232
2004.02.13.10.42.39,0.07588479877779788,3.501537776664943,0.7809999999999999,5.600594675680224,0.09652748783741927,3.2499025681592677,0.9610000000000001,5.407786027532405,0.10802627537722015,6.1173384672849656,1.799,9.895740608172662,0.05481599012548711,3.1298851690711227,0.483,4.761384395365433
2004.02.13.10.52.39,0.0760569816198684,3.315665917556703,0.725,5.009402054688839,0.09558710850580218,3.24903895436517,0.911,5.419140803579776,0.10296203601024506,4.2270335840738875,1.303,6.565526733880202,0.05516893489050813,3.1555462206876634,0.478,4.8215540236171135
2004.02.13.11.02.39,0.07562556107746408,3.4161307415388538,0.8180000000000001,5.9768151609085125,0.09549851699396632,3.153427556239738,0.81,4.240903552728345,0.10203466495050836,4.4336103958056094,1.448,7.654261425553972,0.056758812039547,3.183411375043325,0.523,4.8626810548412385
2004.02.13.11.12.39,0.07621096753266964,3.4421486925018034,0.681,4.736851029285893,0.0941355405784659,3.1803936738712015,1.0230000000000001,6.713723595958974,0.10170933688204035,5.283863858988545,1.546,7.826223475659649,0.05505207362622116,3.1386559244687486,0.5740000000000001,5.631032213332429
2004.02.13.11.22.39,0.07680135350624119,3.384891719536193,0.735,5.051994298101394,0.09579958812011864,3.2300596621825197,1.013,5.657644366074011,0.10260619260901725,4.10829455334913,1.262,6.188710289832885,0.05491766697961937,3.176544865282205,0.5469999999999999,5.608395566299323
2004.02.13.11.32.39,0.07515800641138891,3.488412977558876,0.7450000000000001,5.362036850659895,0.09452217983345894,3.1882423362476557,0.854,5.268604690215979,0.10095040455435283,4.109671663860879,1.25,7.013344851122461,0.05509826626412577,3.0654027303248608,0.493,4.519198459101475
2004.02.13.11.42.39,0.07893970887150997,3.530290575512856,0.913,5.903239404625971,0.09493181403726703,3.154000408929417,0.847,4.940388053849749,0.10437411068109155,5.41325322744855,1.8210000000000002,9.753376516044618,0.055997613910521896,3.1225251727884165,0.51,5.018070956541247
2004.02.13.11.52.39,0.07692398274331452,3.4776599891458457,0.757,5.654933409409381,0.09592588437418104,3.221826766356412,0.881,4.805793587492643,0.10291636423496388,4.292513908977008,1.248,6.170058617211342,0.05503287902188563,3.085192512339006,0.46699999999999997,4.488226027603832
2004.02.13.12.02.39,0.07649164163641918,3.4558731292846363,0.742,4.91556975319221,0.09518267746729837,3.184837239499668,0.886,4.895848828796629,0.10465837561293172,4.66681744873634,1.545,7.414600078162464,0.056423895266378504,3.1942111751274593,0.507,4.838375633429077
2004.02.13.12.12.39,0.07650745183017714,3.2582723095291377,0.662,4.470152799744712,0.09510318871576415,3.2849633821768465,0.903,4.773762122286713,0.10170665466681925,4.107342884336811,1.1669999999999998,5.781332617086155,0.05510187298313915,3.0955670363070125,0.49,4.555199059690848
2004.02.13.12.22.39,0.07739848852135696,3.3756330439000877,0.725,4.767534961592692,0.09452516044435604,3.1905585867554014,0.882,5.141488231443868,0.10077308881684385,5.0540092979313025,1.643,9.784358220795092,0.05473563595821282,3.1689144017823327,0.486,4.5125994368379825
2004.02.13.12.32.39,0.0784800631530072,3.605734986267205,0.877,5.695714071082164,0.09692432590001271,3.2789033882915746,1.106,5.746751342636132,0.1053800759175596,4.217190828250628,1.4289999999999998,6.860879475600432,0.05615538570564715,3.1893203992743113,0.491,4.398509544475642
2004.02.13.12.42.39,0.07904600278724172,3.5919121753524377,0.813,5.376615957974745,0.09576566120084158,3.170130352890801,0.852,4.636317385924321,0.10061651531581123,4.885135561266096,1.565,9.123750679683322,0.055343660008396627,3.0961741296290826,0.46799999999999997,4.318471166593236
2004.02.13.12.52.39,0.076684854401187,3.3698641949707917,0.7030000000000001,4.811901944411702,0.09408924687206889,3.198078961105127,0.835,4.516988010094961,0.1026953497646376,4.59124745580928,1.524,7.46869261128035,0.05469313542392683,3.1791304251994217,0.476,4.3698354125706915
2004.02.13.13.02.39,0.07731124506358211,3.373573194754572,0.786,5.2773694132652205,0.0948111331888956,3.165286119401529,0.825,4.841203607233741,0.10340249643761629,5.435005600676607,1.8970000000000002,10.715408603973765,0.05505879137624163,3.101612530350261,0.518,4.885686613819786
2004.02.13.13.12.39,0.07651273988842887,3.3431000304730087,0.6739999999999999,4.5351924464605045,0.09443133692042131,3.080171360435366,0.803,4.288830521813956,0.10122243500161537,4.569371657072105,1.482,7.379786901866952,0.05585318060059897,3.1131563228539547,0.45899999999999996,4.27907591707386
2004.02.13.13.22.39,0.07853164575357902,3.4245621228322682,0.756,4.813346216964681,0.09606610145940854,3.072551558988002,0.83,4.340761139101682,0.10232275977498237,4.48589626543259,1.633,9.372303895134705,0.05557275592565007,3.1305258579246207,0.583,5.488300785515384
2004.02.13.13.32.39,0.07695335881944174,3.5118109145356007,0.7769999999999999,5.301912824329139,0.09450489921989495,3.157918947501586,0.8280000000000001,4.550028660413378,0.10002340399954528,4.8110837517912595,1.56,8.717959648763445,0.05550622633641541,3.017443949666673,0.437,4.17971127408087
2004.02.13.13.42.39,0.0773624014758421,3.528245856584737,0.81,5.519477056737166,0.09587885651671658,3.0891784693742697,0.8260000000000001,4.484826119354365,0.10394486805851998,4.136460356461986,1.4209999999999998,6.955610349064639,0.05514142284772742,3.0728409999738933,0.486,5.095987471632337
2004.02.13.13.52.39,0.07617467014102358,3.3254543370500294,0.666,4.384659616925936,0.09489189186952764,3.2422450508243283,0.8440000000000001,4.858160069501571,0.09933450236133969,4.432323391410307,1.2770000000000001,7.1979018669576895,0.05465509218327694,3.0784317700136135,0.437,4.116725286008103
2004.02.13.14.02.39,0.07762221305131911,3.4408628476384644,0.756,5.655597576298936,0.0950941974911423,3.1329951509850957,0.815,4.364093824322518,0.10153087608618437,4.064867424482466,1.3010000000000002,6.4216918550624005,0.05391578946390032,3.027374765903545,0.471,4.525575947716983
2004.02.13.14.12.39,0.0772534147328817,3.4886392346942525,0.786,5.682596704856679,0.09588958366715009,3.306569501306756,1.021,5.933908337480125,0.10304465454393122,4.155827743243452,1.157,5.754786627453685,0.055188665226939944,3.121824091549922,0.478,4.330599390603378
2004.02.13.14.22.39,0.07768636614216809,3.537939095307711,0.8300000000000001,5.650927206411206,0.09575830832508087,3.1756658574163197,0.889,4.897747341231593,0.10352678312503846,4.707048672782363,1.616,8.133161048605578,0.055211670545756215,3.1180539515001984,0.471,4.60047662911231
2004.02.13.14.32.39,0.07781753999741961,3.4370585910735874,0.7350000000000001,5.050275297998776,0.09560314292689336,3.208261747955746,0.9500000000000001,5.826168292667236,0.10103234828702451,3.671435285329881,0.991,5.09737731262989,0.05573599661223773,3.1081568030498317,0.473,4.682790581745753
2004.02.13.14.42.39,0.07728229123843638,3.2541945515228283,0.703,4.580609533273489,0.09652805792512804,3.1673854256509384,0.9199999999999999,4.879410299182969,0.10227267092801477,4.479184542952546,1.46,7.421337421941651,0.05665837566682551,3.137356101907055,0.569,5.55963696969234
2004.02.13.14.52.39,0.0763878511845552,3.3353471347991004,0.8280000000000001,5.655349552329674,0.09395474829173084,3.123421466955195,0.857,5.193989754352308,0.09972247133451166,4.130806831083385,1.318,7.169898523689664,0.054317596765315154,3.10492995169542,0.503,5.118046757501589
2004.02.13.15.02.39,0.07818466596582414,3.3804427448967305,0.874,5.614911755099068,0.09490419717075214,3.1007393675081225,0.815,4.6046435566358275,0.10169341226282187,4.236133049111557,1.482,7.345608563801688,0.0548973215919388,3.046999484323818,0.501,4.808977785152384
2004.02.13.15.12.39,0.07616144415760429,3.3194051922040413,0.6779999999999999,4.5167210759310885,0.09486057743019818,3.1803046948422393,0.9219999999999999,5.091683110988954,0.0998519489982544,4.202547301752286,1.282,6.699919297636297,0.05485615422402485,3.205534553309286,0.549,5.961044929700646
2004.02.13.15.22.39,0.07534258573084265,3.291677106321768,0.7010000000000001,5.056901038160571,0.0946775402146346,3.149674164481717,0.8320000000000001,4.921969866808696,0.09976628621550655,4.021461269306645,1.2890000000000001,6.485156705165974,0.05431627576058579,3.134993936817963,0.471,4.584261282889447
2004.02.13.15.32.39,0.07689426810105468,3.409559809250928,0.715,4.668748514885415,0.09479974782403168,3.2083317921908536,0.886,4.841785031453889,0.09951103258166277,4.214166793717738,1.357,7.556951028348323,0.05551248583863251,3.1246946936673172,0.44899999999999995,4.395407561269655
2004.02.13.15.42.39,0.07548419678875672,3.3288086624212525,0.671,4.557245286224446,0.09548500705485456,3.2230944877062915,0.7889999999999999,4.346232071403517,0.10092784009504017,4.05648552864289,1.1520000000000001,5.994381722924942,0.055359525384356845,3.111504031741078,0.478,4.5339984087169585
2004.02.13.15.52.39,0.0782630183983989,3.4398804995476127,0.972,6.337603764208347,0.09535538968404919,3.1253816529619898,0.94,5.201593760388875,0.10040340166750453,3.9975440280393886,1.279,7.77862091352598,0.055568271634989695,3.151924144025118,0.483,4.516966114201629
2004.02.13.16.02.39,0.07547406975298288,3.3431725485830395,0.757,5.074590534914981,0.09471481170672634,3.1204507675027067,0.852,4.687756772138191,0.10021236386341632,3.8742024795076313,1.072,5.677942102787977,0.055283416612432246,3.0718719265017134,0.46699999999999997,4.377442908359947
2004.02.13.16.12.39,0.07556067544581722,3.4429353349113323,0.771,5.359930911290172,0.0944357446271339,3.1911646007063013,0.837,4.468646926714105,0.1000556251542111,4.148999963493749,1.465,7.835641412380935,0.055918722406945245,3.1532879077561544,0.498,4.63172241517148
2004.02.13.16.22.39,0.07667824796470966,3.4250634087395855,0.745,4.968814626220348,0.0943249106521244,3.2039607444829823,0.866,4.6541257973628705,0.09797129507260341,4.126026116604244,1.113,5.7567882468230875,0.05521978104583537,3.130968327825876,0.486,4.7808954508687
2004.02.13.16.32.39,0.07675079237935838,3.708304085803612,0.887,6.6839700815645,0.09478928496893452,3.2391049848343445,0.93,5.591349277227885,0.10006631297388498,4.385316997610708,1.316,7.56498343451067,0.05488053209230369,3.128970948675765,0.446,4.263807056506575
2004.02.13.16.42.39,0.07611983831535804,3.3437128400504776,0.722,4.7425218969121765,0.09478534007619202,3.0967802701575433,0.8180000000000001,4.842521001992909,0.10237675803588187,3.9102303869839865,1.135,5.938847954014163,0.055167368744745746,3.091254089749724,0.512,5.347363970990485
2004.02.13.16.52.39,0.07516506282789814,3.267315005954134,0.669,4.549986218771094,0.09386662277451847,3.2001157170094614,0.9470000000000001,5.145598996996382,0.09956438518303118,4.409558522400394,1.416,7.21141398784401,0.05432144273327983,3.1158838883024735,0.466,4.307691184657008
2004.02.13.17.02.39,0.07809152470318882,3.3541207352122204,0.656,4.277032639194473,0.0951667820526154,3.2935591625769955,1.038,6.798590706180329,0.10186840781010384,4.540573207681571,1.438,7.31335667274567,0.05581838399835219,3.2176681441276833,0.507,4.980437986313019
2004.02.13.17.12.39,0.07635685583884233,3.4990925057617095,0.8049999999999999,5.592163209302646,0.09506952919237253,3.1674334349504774,0.964,5.648497521360227,0.10281443268510203,4.08949094707892,1.355,7.265516917142329,0.054889536176220555,3.1850462528053414,0.481,4.445291707633459
2004.02.13.17.22.39,0.07786806061076165,3.349412751660938,0.755,4.892891861073838,0.09547586205096553,3.2525115041715846,1.064,5.907252240350903,0.10096733885581516,4.186142395174923,1.25,6.724946974879029,0.05552793893125447,3.1130697264660125,0.469,4.394184345687322
2004.02.13.17.32.39,0.07661025105301672,3.4160923963921235,0.745,5.1298617952319665,0.09538618693607122,3.1651333720694046,0.847,4.937821870536338,0.10510550270665542,4.833825838247026,1.57,7.716056525255993,0.05552552640030754,3.1385822786415005,0.544,5.186803595947626
2004.02.13.17.42.39,0.07899964213229861,3.627335608018029,0.8180000000000001,5.341796350080773,0.09593875762612183,3.355742489990982,0.972,5.524357549692656,0.10204154810204763,4.314243239833331,1.375,7.036349539522442,0.05757710862400091,3.2927866305752165,0.744,6.651949171347364
2004.02.13.17.52.39,0.07538985427067177,3.508444446483577,0.781,5.305753723357553,0.09451321806325227,3.2055227960188457,0.848,4.60253083022609,0.09965394395066296,4.3008388666896105,1.189,6.733300995414704,0.05471230107271924,3.0667268969406525,0.461,4.276917537958892
2004.02.13.18.02.39,0.07723122433134638,3.400509606509172,0.7030000000000001,4.713119637186184,0.09503200838237347,3.0918404114016127,0.857,4.5247912500158884,0.10023364794163435,4.230464647338271,1.2570000000000001,6.285314492064047,0.05597521685838966,3.2109515835981526,0.5469999999999999,5.538165234522654
2004.02.13.18.12.39,0.07531071120800978,3.290530852271374,0.7230000000000001,5.059041322125745,0.09455425030108376,3.2046315103830425,0.901,4.833204203352052,0.09933679813085695,4.397093061685152,1.467,7.761474242247643,0.053784811583115634,2.983997148206495,0.442,4.443633675850376
2004.02.13.18.22.39,0.07813312239027137,3.5664490782766274,0.872,6.130562626275409,0.09418798367908324,3.169697981014365,0.852,5.3934693169656835,0.10228123472349412,4.516417017469578,1.533,8.261534995000432,0.05651597706898909,3.33214454874034,0.629,5.609033346677133
2004.02.13.18.32.39,0.07744816468381045,3.287678687116962,0.6890000000000001,4.544975357867726,0.09501065498430623,3.2699943139571954,0.9910000000000001,5.883550640634307,0.09963116305827083,4.49898313565453,1.306,6.785025681218144,0.05601825438389481,3.2181842381594694,0.495,4.48068228402637
2004.02.13.18.42.39,0.07761624000742773,3.5162164874021524,0.83,5.411238678397804,0.0948379582766211,3.2047578538084966,0.991,5.483036639014058,0.0990309497273769,4.28023071838377,1.3599999999999999,7.543096396191517,0.05570863708702404,3.1578585419157243,0.567,5.133853832274362
2004.02.13.18.52.39,0.0777373661484818,3.3658649197381023,0.752,4.901117942075285,0.0950182460890736,3.23863753398871,0.9890000000000001,5.88308059776196,0.10395087786914368,4.650711620348085,1.516,7.628603204277418,0.0562385999732668,3.14365714594811,0.491,4.605377803201297
2004.02.13.19.02.39,0.07657840332279559,3.512546870314157,0.798,5.288697366708364,0.09577276751794779,3.227248767207026,0.872,4.615090609313022,0.10120398887040595,4.070446703093627,1.248,6.323861412414631,0.05586629065582057,3.1684240943398576,0.554,5.423664188959916
2004.02.13.19.12.39,0.07618282421306082,3.381054399079956,0.793,5.316158913554253,0.095267162629054,3.1312425341734356,0.786,4.177724926580529,0.10419492348515894,4.02034582799112,1.279,6.814151556060495,0.054304785844573586,3.1110530586766556,0.647,6.2057145564395
2004.02.13.19.22.39,0.07527411495867953,3.451479273130082,0.874,6.097713672913463,0.09303656219087673,3.1703065183293053,0.782,4.3853727007123755,0.10085776359092294,4.019862482472811,1.28,6.395144776520199,0.05412281272644535,3.183561719822938,0.469,4.471312332253468
2004.02.13.19.32.39,0.07653573894552466,3.3525296268183005,0.754,5.200184978723232,0.09568953628017864,3.2883813120650536,0.962,5.099826156238627,0.10103342578077812,4.311646050392975,1.268,7.20553613196895,0.05562349541504471,3.12144681669038,0.46199999999999997,4.350679478056413
2004.02.13.19.42.39,0.07660493658109607,3.3462653410221592,0.7030000000000001,4.7777599765067675,0.09420082800110491,3.137646964889676,0.7909999999999999,4.479790772062537,0.10042841020434344,4.07317459105273,1.2029999999999998,6.073978456482806,0.05560232376621615,3.0799017447006865,0.493,4.999791036951449
2004.02.13.19.52.39,0.07864126887278634,3.362494092330895,0.791,5.149967768896841,0.09552426730695844,3.1467625317923007,0.882,5.140055127795083,0.10402203323545209,5.383042346915773,1.626,8.75775998281025,0.05545991390888783,3.1223182126967433,0.44899999999999995,4.273356795853575
2004.02.13.20.02.39,0.07702684539892164,3.5425193663094023,0.845,5.738259144729143,0.09422882642013337,3.168264139093285,0.891,5.359294169157765,0.0998752965127795,3.9325062209123343,1.248,6.578203248847766,0.055571751198338175,3.157012217436451,0.484,4.444704272831811
2004.02.13.20.12.39,0.07654619086497708,3.5200155088401144,0.833,5.774291248269449,0.09573251079464527,3.2727503627682,0.877,4.773717895901692,0.10174311656116164,4.005629002333853,1.262,6.644184126143127,0.05471752479353621,3.184667252815735,0.486,4.5140930795389
2004.02.13.20.22.39,0.07741179487861087,3.431900810382931,0.7030000000000001,4.727961683021601,0.09523919414591084,3.092900052403597,0.799,4.231451175264938,0.10279003102692218,4.9797426001961025,1.695,8.648698624939204,0.05585638234990475,3.068190470417035,0.498,4.977049860811011
2004.02.13.20.32.39,0.07589032163569179,3.5098311593414597,0.847,6.206324994391448,0.09353100019804597,3.1429211956128587,0.769,4.725705905679326,0.10045302729813262,4.079233408724132,1.214,6.540370336974537,0.05582049346104328,3.150671927117449,0.522,4.765274964572635
2004.02.13.20.42.39,0.07564360372930583,3.4222048814261767,0.903,6.609944203468589,0.0943275190990148,3.1547994853855807,0.859,4.7600106977126,0.10020431934419981,4.3849784701206405,1.343,7.724217928583754,0.05488329548275026,3.100967092619697,0.46799999999999997,4.354694773660546
2004.02.13.20.52.39,0.07589364120524608,3.3855004562475095,0.74,4.888420085111886,0.09384380957582192,3.1966369241459005,0.8520000000000001,4.784545747124924,0.10110096573939094,5.030654447958263,1.518,9.030576447246311,0.055270152839682604,3.0726509800219657,0.46599999999999997,4.2880286705094806
2004.02.13.21.02.39,0.07722140418091265,3.3501330939408525,0.742,4.8043674410637385,0.09548381760187495,3.1183756208095144,0.888,4.702367493014683,0.09945168523113371,4.35013683314251,1.26,7.662011943076186,0.05596093826347201,3.216275892081745,0.46099999999999997,4.360184220843716
2004.02.13.21.12.39,0.07669429791080462,3.397450340597485,0.733,4.876503341030145,0.09519420476632887,3.0795822811743796,0.84,5.052828595823666,0.10008886651956787,4.662056651738104,1.573,8.492453052546267,0.056504768102872305,3.164936954307904,0.5,4.530591109301213
2004.02.13.21.22.39,0.07669445070884366,3.454256780561586,0.869,6.714957799946994,0.09289969362797637,3.0801012639022782,0.767,4.284190662606705,0.09772201710440245,4.1132409553617535,1.245,6.549189414666386,0.05461590492075088,3.249023425713872,0.549,6.170363751896008
2004.02.13.21.32.39,0.0764435019107249,3.462142207546962,0.735,5.010236193094468,0.09317198479156705,3.183568611338861,1.001,5.709870850021337,0.10003783171099571,5.047443766113925,1.592,8.076944353754802,0.05450970159851708,3.0933902690369615,0.479,4.751447768098698
2004.02.13.21.42.39,0.07806299602024157,3.331146219858243,0.7150000000000001,4.816622717151466,0.09524714690813907,3.1777286659936714,0.855,5.029022028995478,0.10247992157575002,4.592909985492953,1.4180000000000001,7.503908943095539,0.056408053554961236,3.1049270997906264,0.508,4.680182764022718
2004.02.13.21.52.39,0.07733820308392225,3.427010865996256,0.73,5.016925458934808,0.0950561722294047,3.2862010684722307,1.016,5.754492182579081,0.10328853156063904,5.049774191290383,1.648,10.020473564312104,0.05579931342683573,3.1693470870107596,0.46599999999999997,4.247364088283188
2004.02.13.22.02.39,0.07694966711774165,3.320109256981544,0.747,4.912301952152925,0.09379695777107792,3.127760602992228,0.889,5.0534688039333915,0.1028168012968029,5.725315526258852,1.653,8.860419586193911,0.05415643978977131,3.1251773655670068,0.5,4.819371454496827
2004.02.13.22.12.39,0.07891612654772709,3.518621133034154,0.8029999999999999,5.195389306798265,0.09599882557468477,3.3718894798174928,1.016,5.8229879027542015,0.10389069972925571,4.418269112807679,1.5139999999999998,7.873659549235382,0.05626717402755247,3.093053079408973,0.515,5.082892555790233
2004.02.13.22.22.39,0.07747811939105775,3.406458968171353,0.728,4.917517397098485,0.0939925079606581,3.056996497378012,0.779,4.308854064938012,0.10120123343338015,4.20059521840403,1.4449999999999998,7.282519935739324,0.05623679836401051,3.0926880629942626,0.53,4.729998999555961
2004.02.13.22.32.39,0.07688436331443231,3.4088430650331287,0.749,4.916474348029672,0.09496587046267925,3.25826388017006,0.9279999999999999,4.991266838187703,0.09959804788537838,4.233617704469736,1.377,7.259178421168041,0.05651059384572839,3.1886469102321224,0.532,4.707082015916682
2004.02.13.22.42.39,0.07743250463104949,3.2120974655470125,0.642,4.158460346004124,0.09520957634468487,3.2212885008351204,0.887,4.747421607713447,0.10295567514674397,4.4318646753422914,1.548,9.062152219099955,0.05545814071075364,3.0783643489832615,0.442,4.363651519840348
2004.02.13.22.52.39,0.07765237980798624,3.4663598030208287,0.8009999999999999,5.692034179672907,0.09421586205151113,3.1875384924666283,0.81,4.659512638752732,0.099194666860642,4.061568324964359,1.272,6.693908261548473,0.05564446113215133,3.19090085360972,0.529,5.391372185050422
2004.02.13.23.02.39,0.0784514380046663,3.3903152250695117,0.713,4.576079280772988,0.09544411072184797,3.237544703438487,1.006,5.270099917069676,0.10119123704688132,4.129405122010388,1.25,6.561833014180592,0.05586700516069391,3.121491843450725,0.46799999999999997,4.492812873681565
2004.02.13.23.12.39,0.07746541157338786,3.3981598851468178,0.916,5.9252250866202445,0.09419769794866606,3.2324261143633537,0.901,4.872730544329613,0.09851759985134002,4.01664636821508,1.099,6.1004328252707145,0.05527952760177134,3.1439905529249694,0.496,4.9023573781646475
2004.02.13.23.22.39,0.07702369416543603,3.321962413200154,0.796,5.2970713028081144,0.09446850577829828,3.193687762680133,0.845,4.498853840214258,0.10045396931516383,4.197597833624215,1.152,5.833517620010476,0.05532875246749537,3.0407937383080745,0.491,4.988364777646938
2004.02.13.23.32.39,0.07602763394350028,3.378752541411419,0.679,4.787732842909534,0.09413279505819824,3.127867965596827,0.889,4.748610723007207,0.10169684936084242,5.220805011234605,1.494,8.210677176804557,0.05479702692807567,3.174759466294453,0.528,5.21926126348774
2004.02.13.23.42.39,0.07740210771869765,3.342091770243482,0.728,4.767312039370505,0.09380899055519344,3.1616468519925762,0.845,4.605102319546106,0.1007985072434111,4.4035152646501325,1.272,6.61716148622429,0.05444512629559922,3.023878327792923,0.427,3.9856643700639194
2004.02.13.23.52.39,0.07756348867470199,3.473435846654131,0.754,5.2215289296559755,0.09361762242503077,3.237356882632861,0.883,5.39428354319087,0.10148617516686695,4.909554926289526,1.455,7.262072876312463,0.05509063687673591,3.1794399560852624,0.562,5.500027176631772
2004.02.14.00.02.39,0.0770032787070825,3.447202651604071,0.743,4.856936045836198,0.09373892642933884,3.175668088484385,0.813,4.427189597832981,0.10068791632634289,4.277301274310693,1.2799999999999998,7.011764924320813,0.05534459917826784,3.1183781049108026,0.528,5.077279520895695
2004.02.14.00.12.39,0.07633698995347046,3.4471539298962406,0.733,5.056526334549972,0.09396613549114716,3.16172458116136,0.874,4.7251065256571145,0.10128087034216099,5.112177942300231,1.712,9.379856203748833,0.05468850534790195,3.047461697344297,0.481,4.516488399686641
2004.02.14.00.22.39,0.07642125683403637,3.546928975090119,0.845,5.980011569195524,0.09438284709719175,3.155443022861222,0.869,4.757220340446368,0.10155636784372202,5.293636472439026,1.56,8.222034892828415,0.056164730508789944,3.159835799495889,0.525,4.789482608803771
2004.02.14.00.32.39,0.07821621550028804,3.4036836853433656,0.782,5.56150661621308,0.0950372141337934,3.169708401793386,0.874,5.00856432228629,0.09999029469505091,4.333015204899809,1.335,7.250703702905321,0.05540356380967293,3.169632931163948,0.463,4.223555019021102
2004.02.14.00.42.39,0.0776202063611459,3.3791111272392764,0.73,4.998698382670365,0.09529924959125465,3.1946473712690904,0.7929999999999999,4.375690278659518,0.10255527044522748,4.653610462428619,1.5310000000000001,8.45397799875186,0.055960228011871296,3.118753824538723,0.503,4.932074257121503
2004.02.14.00.52.39,0.07717074242436783,3.371300861584111,0.84,5.442477120284625,0.09463949897175598,3.1801042276016713,0.845,4.67035439538738,0.09903783506033187,4.343452991766088,1.241,6.855965698223985,0.05605393172399908,3.078069346022939,0.477,4.798949720860163
2004.02.14.01.02.39,0.07785537630209377,3.5050743337064105,0.8300000000000001,5.702881690240568,0.0940972070520693,3.2253001289997973,0.938,5.090480525473431,0.10204391503516085,4.124737296321596,1.3239999999999998,7.085184841750523,0.05704054804342039,3.160135087628301,0.506,4.628286526963906
2004.02.14.01.12.39,0.07614514595135481,3.3286110755448455,0.7110000000000001,5.292523836745363,0.09427812132279816,3.087575024108166,0.747,4.221552088816988,0.09697711931131937,4.287454522728301,1.331,7.630665926716444,0.05494374253497845,3.039206587876578,0.46399999999999997,4.349903901210354
2004.02.14.01.22.39,0.07811579383257748,3.4255858785681634,0.784,5.312626034236472,0.09522169983328709,3.3206771434605886,0.976,5.124882257451652,0.10111039855184283,3.9550294172657074,1.1179999999999999,6.131911345222365,0.0574379382294218,3.2646845207065622,0.5740000000000001,5.362309468173619
2004.02.14.01.32.39,0.07646615334526692,3.3505466792877057,0.737,5.427237828038169,0.09459670125681907,3.1882307348882493,0.971,5.158742255452826,0.10008750712267366,5.347071495751221,1.633,8.192830689598008,0.054535117162304234,3.028413764969281,0.441,4.199129146792948
2004.02.14.01.42.39,0.077847334070442,3.300350657063669,0.725,4.855657608749424,0.09450114680810427,3.3500282647247777,0.9570000000000001,5.66130695838412,0.09868731099570248,3.9724461211530344,1.176,5.9582128043351545,0.0554273525098394,3.1201357390243456,0.5,4.7088664383468
2004.02.14.01.52.39,0.07809616123978583,3.266868387968328,0.735,4.788967781036937,0.09427694020850554,3.10890732118963,0.7769999999999999,4.380710692207422,0.10406754539195326,5.735696460804184,1.609,7.793015554902369,0.05518222962872083,3.0828905655344436,0.449,4.602931083230461
2004.02.14.02.02.39,0.07853328688166249,3.3653585893301865,0.659,4.227506745009573,0.09492064505375991,3.1857848728531017,0.889,5.046320531520938,0.09947166559306915,4.056632895124586,1.2029999999999998,6.30330251596478,0.055563213578094996,3.1341957520552923,0.471,4.661357457951407
2004.02.14.02.12.39,0.07740059716440338,3.506332128077715,0.878,6.7441340134784955,0.09459994946855481,3.213995407274721,0.888,4.693448595842923,0.10126020926538098,4.55052728096582,1.306,6.705496709181084,0.0563425544971616,3.1106508784917355,0.476,4.454892083614078
2004.02.14.02.22.39,0.0770826017349854,3.4444705851182156,0.8300000000000001,5.863839437516692,0.0938101989016586,3.1590807677564583,0.87,4.637022467631811,0.1007085592986794,5.108278091209963,1.496,8.191955140111096,0.055139843080316026,3.0704259415578163,0.437,4.026126800481414
2004.02.14.02.32.39,0.07785435307655411,3.3956523870817223,0.749,5.330466230859704,0.09413555951102179,3.165228756285263,0.883,5.3646040096131,0.09942919267231708,4.096053395572591,1.2719999999999998,7.020071080133954,0.05493014695885926,3.076509652404754,0.442,4.442005228617854
2004.02.14.02.42.39,0.07619507050676737,3.371201721911139,0.742,5.157813981746958,0.09280204486567092,3.201588904643962,0.942,6.077452289078097,0.10047741530477446,4.398037458221215,1.56,8.817901986357121,0.055081663006933394,3.070789897836608,0.486,4.42978636954528
2004.02.14.02.52.39,0.07689889872423401,3.3074947402522206,0.796,5.8128270679529495,0.09459596390289995,3.1942461676228806,0.835,4.672503791532801,0.10390968274404822,4.9301784851118,1.855,10.335899135073792,0.056734803168998475,3.1281054018483196,0.5,4.6003508502981445
2004.02.14.03.02.39,0.07566271754418999,3.4881647708848424,0.755,5.0355050990268895,0.09305063095903757,3.1449878314009685,0.933,5.147735110048461,0.09844082534065833,4.316428411153052,1.2570000000000001,6.816277674206593,0.05510362530255496,3.1300204815612664,0.515,4.8272685969296205
2004.02.14.03.12.39,0.07709097519834116,3.4745222723146703,0.779,5.13678804790267,0.09590291111001271,3.220144540658009,0.806,4.556691709792896,0.09896945329518031,4.203333710407166,1.291,6.709140829742625,0.05531504805218581,3.0616748779853693,0.479,4.591878863783488
2004.02.14.03.22.39,0.07812214182271728,3.4655293058579137,0.823,5.5938046474927035,0.09459040969077548,3.1654934903483247,0.905,5.1062259015366385,0.10239033767890406,3.907907576274307,1.177,6.533819647103646,0.05617125738533899,3.253113919767764,0.628,5.7858772462662875
2004.02.14.03.32.39,0.07616692644182087,3.5528697268991065,0.774,5.317268516924522,0.09520543243552006,3.2725350886009,0.9910000000000001,5.587916428616703,0.10422266343851874,4.58167939303896,1.621,7.963718951489082,0.05615095403171593,3.0646508032963835,0.489,4.701612012698556
2004.02.14.03.42.39,0.07731350987113282,3.4825257504421647,0.755,5.2125430687563625,0.09502158857292313,3.193892366864187,0.825,4.672622365803301,0.09943465878247634,4.297996349146269,1.28,7.321390840115172,0.056172031901728016,3.0651666051538458,0.476,4.646440428870633
2004.02.14.03.52.39,0.07587677323658983,3.2798720451744803,0.767,5.087195771971236,0.0941202472758419,3.1951785730915714,0.878,4.897989681741159,0.10432744425605375,4.1842489534877885,1.333,6.853421984009841,0.05629375902076091,3.0904113067602257,0.476,4.245586085517184
2004.02.14.04.02.39,0.0762042431228201,3.3237082059057306,0.71,5.314664687991879,0.09550527738199863,3.177796375512919,0.833,5.141077157821505,0.10104548161827301,4.557850997476592,1.599,8.09536445271466,0.055938804541352374,3.05014888339243,0.46399999999999997,4.361909447307275
2004.02.14.04.12.39,0.07576237683798354,3.351824362860501,0.659,4.580109738928243,0.09419875306035107,3.2317241217401764,0.833,4.639127226238586,0.09834018130838292,4.024008631116879,1.1179999999999999,5.857219219412801,0.05528627114703749,3.1204447616024984,0.5469999999999999,5.3901265868962165
2004.02.14.04.22.39,0.07609244608739096,3.4018811172873735,0.76,5.072776863510015,0.09577041078554091,3.392265687702633,0.9690000000000001,5.836875872358647,0.09928421437776186,4.961204005111374,1.69,9.689355010049546,0.05583251758188278,3.096836015070848,0.46799999999999997,4.2806595573894315
2004.02.14.04.32.39,0.0786182224572888,3.4397530049606644,0.754,4.808045618245279,0.09450039759961,3.1359529466053555,0.933,5.322728927884171,0.10032762420058783,3.815995461184193,1.199,6.428937245742343,0.055302193160483015,3.114981750161741,0.488,4.592946237464943
2004.02.14.04.42.39,0.0765472363611597,3.307565128446384,0.764,5.003446475754615,0.09409441500719835,3.2156537983202598,0.8300000000000001,4.718664757797085,0.10030385014303103,4.033553685435024,1.104,5.722611835751956,0.05546258988681582,3.1949187292465178,0.51,5.066478153534575
2004.02.14.04.52.39,0.07655005415423052,3.427560849716969,0.782,5.173085824369925,0.09394463000011961,3.0779320207885013,0.743,4.215248918426693,0.10169832816311129,5.253659512358286,1.778,8.908701021583072,0.05578784974963187,3.1349758909515355,0.554,5.341664920540631
2004.02.14.05.02.39,0.07695157390568759,3.4721707407507005,0.7809999999999999,5.3930021042666,0.09543326237931601,3.225976357455021,0.954,5.396441315744226,0.10073836175607023,4.017738406406383,1.108,5.817049133863735,0.056030002077570015,3.1014279455800584,0.46699999999999997,4.319114599798983
2004.02.14.05.12.39,0.07666247331291318,3.429242249220968,0.762,5.100278964442688,0.09490872697006385,3.1302463333801613,0.857,4.530668714328354,0.10025412412612698,4.671673802267418,1.4569999999999999,7.5707608700977005,0.055349284643497206,3.062212448496444,0.46199999999999997,4.2818981586936244
2004.02.14.05.22.39,0.07718117604407745,3.3573263428988387,0.771,5.2473934806164175,0.09515301692988706,3.2337676100044774,0.9269999999999999,6.000860702301619,0.10025240022064309,4.283555656605896,1.272,6.503584937268624,0.056268787661044824,3.113551666731067,0.522,4.940572057010229
2004.02.14.05.32.39,0.0754853262075236,3.3803225968989237,0.757,5.6302333361002335,0.09341241720189025,3.195303606609827,0.847,4.91369363676751,0.09896306055046815,4.260620264950959,1.1789999999999998,6.093182614259271,0.05486536255063389,3.0650185580002876,0.495,4.665967526665734
2004.02.14.05.42.39,0.07848934759282226,3.4162216058917836,0.708,4.790458979867793,0.09571192714623855,3.2673802913817096,1.0350000000000001,5.589689978580954,0.10216058251175267,4.600773696831938,1.468,7.243498243707347,0.05507576768005031,3.126243863465168,0.49,4.956807893916779
2004.02.14.05.52.39,0.07744872989093332,3.4381933427723923,0.8109999999999999,5.48750122304786,0.09472545830542006,3.1431016947326835,0.948,5.183400627283168,0.1002993665954732,4.393720419447843,1.475,8.305137193534337,0.05577091816081209,3.0378081103520245,0.43700000000000006,4.195735119964765
2004.02.14.06.02.39,0.0774396340631083,3.418156833810123,0.81,5.668931746787999,0.094943577765873,3.1985391128189087,0.94,5.245220495356175,0.09945260064669312,4.486872147906159,1.421,7.903262407307749,0.05523485236710265,3.077674128152842,0.469,4.381291695895486
2004.02.14.06.12.39,0.07724679940022192,3.3107750326515633,0.7829999999999999,5.463009513359691,0.09369090689686085,3.22031270759896,1.0619999999999998,6.307976084067573,0.10090927551402608,4.664659504264551,1.418,7.184671540915257,0.055754529664638015,3.0861353019264057,0.474,4.555683664229671
2004.02.14.06.22.39,0.07564605885770338,3.305455198630933,0.732,4.904419418569873,0.0931486502581861,3.1829574678197603,0.8520000000000001,4.927607632829464,0.10088842339242583,4.201739282525759,1.291,6.819414724362233,0.05446001884266797,3.0837494327283763,0.442,4.260005870916706
2004.02.14.06.32.39,0.07614973556462623,3.466855931908699,0.737,4.9376402585259,0.09453369263373113,3.1587111442617615,0.8200000000000001,4.908302924310369,0.10165138322195867,5.187641940698473,1.63,9.266966864023052,0.054992718800708065,3.214537905571807,0.486,4.61879327917007
2004.02.14.06.42.39,0.07858716579030653,3.3615217429430797,0.872,5.815198899263135,0.09375010078119583,3.2215088655977318,0.835,4.73599490880821,0.10133247846276262,4.499754241308365,1.416,7.154665621510688,0.05565673471504257,3.222743493403306,0.488,4.384015721534111
2004.02.14.06.52.39,0.07790162973915003,3.3905431033629876,0.703,4.569865883320404,0.09488555658084244,3.18681848660424,0.8420000000000001,4.78471135502264,0.09889258594398015,4.1872757661457385,1.328,7.877233592023587,0.05504605138824673,3.1283179513181,0.493,4.523485222287275
2004.02.14.07.02.39,0.0777059461206155,3.417840869010627,0.784,5.121873162476173,0.0950774406815965,3.213945154511266,0.966,5.311459757222403,0.10142396633570207,4.865379198031064,1.648,9.435639667575574,0.056317706213970795,3.08837562202596,0.512,4.634421704044002
2004.02.14.07.12.39,0.07785898335492507,3.2996620795127183,0.7789999999999999,5.587023889292584,0.0942541967939956,3.1485767011871104,0.847,4.689446359253865,0.10268822347394259,4.455137402880543,1.496,7.556854853925018,0.055389360440431155,3.1433143678849986,0.486,4.495448187523102
2004.02.14.07.22.39,0.07571334102894697,3.3175699833688572,0.7030000000000001,5.32270792073386,0.0944440579291519,3.1662489237069478,0.8300000000000001,4.680019153047939,0.10087940375300847,4.30052935592909,1.4020000000000001,7.72209163633928,0.055148800842584056,3.074275193051379,0.46399999999999997,4.64198669941569
2004.02.14.07.32.39,0.07639177457459834,3.4868229040681746,0.8180000000000001,5.8514153191125855,0.09389222415013597,3.1404404189780504,0.884,5.282652578416759,0.0998985300622274,4.276677133175052,1.3159999999999998,7.037140582169697,0.056141064220380385,3.1389412736135123,0.46599999999999997,4.435256143748123
2004.02.14.07.42.39,0.0773621114568527,3.4052045632928984,0.838,5.4936452999610275,0.09427845252934589,3.114239717217073,0.783,4.242751013286867,0.09997411212760594,4.28800261890523,1.3940000000000001,7.3519032513322395,0.05443958987090645,3.199394760197876,0.508,4.794305038280301
2004.02.14.07.52.39,0.07842339670271,3.493499202297464,0.73,4.819990154633762,0.09404292544456427,3.1748047535191497,0.883,4.721248279985993,0.09901500142812956,4.3636911667646405,1.1840000000000002,6.312174831948659,0.056630709045810565,3.170471223963985,0.515,4.785389492135417
2004.02.14.08.02.39,0.07628107301034363,3.425102237090327,0.8180000000000001,5.571500022585818,0.09452682298518171,3.1710617974524298,0.845,4.54897336460158,0.10008389620361947,4.459634827502033,1.436,7.343838798048504,0.05522737137351483,3.157915854427155,0.532,5.395875135619992
2004.02.14.08.12.39,0.0782240275511823,3.425278698569549,0.696,4.653301695081263,0.09443866747292923,3.3018494572188546,0.972,5.2203193161457735,0.10167105520646905,4.340977841858098,1.445,7.465251525703718,0.055595883794772746,3.146920125876978,0.472,4.442774952760504
2004.02.14.08.22.39,0.07825938535718496,3.5410550470181565,0.874,5.609550828905093,0.09436198534019805,3.1511798731806655,0.796,4.270787632827843,0.1003152871497535,4.450650960747699,1.286,6.908219272357462,0.05636106439802326,3.1677805294209076,0.537,4.932483141850498
2004.02.14.08.32.39,0.07883279811470445,3.4923650099388044,0.833,5.949300433527537,0.09436860853771104,3.148664251644386,0.8400000000000001,4.842712074295091,0.1009927606084342,4.878141432965678,1.484,7.465881667730462,0.05577176959002758,3.1790388304727553,0.501,4.948740232358539
2004.02.14.08.42.39,0.07697529154093864,3.501785914417268,0.817,5.703128773036497,0.0940764026270669,3.231408728386952,0.903,5.18727317767991,0.09826073489183955,4.20853226682452,1.121,5.912839962366813,0.055240498688122835,3.1667440741279256,0.517,5.032539651199281
2004.02.14.08.52.39,0.07868750124106433,3.4954958213123177,0.808,5.896743354176485,0.09373565749664385,3.1941431843402825,0.9470000000000001,5.622193454170511,0.09890446088429226,4.220363966086415,1.333,7.380860210683749,0.05566109696047815,3.13009569628424,0.518,4.832818875111318
2004.02.14.09.02.39,0.07629050409864258,3.3915278701871774,0.794,5.34797881886403,0.09352465495250102,3.2206913287525465,0.87,4.651179950580158,0.09682866684332822,4.365407921710599,1.26,7.415159408956298,0.05520380253617612,3.0771150263818092,0.45599999999999996,4.419985377639558
2004.02.14.09.12.39,0.07758280543534599,3.3516255309931116,0.679,4.498419437678634,0.09465328177089266,3.2192718105511817,0.786,4.405552477402151,0.09910021709029578,4.2389058521318965,1.325,7.043375085283748,0.05532108822803809,3.1117615486775856,0.454,4.139470269565977
2004.02.14.09.22.39,0.07689642263755268,3.2979657430445224,0.717,4.6946267149715775,0.0929199309847933,3.092793039530836,0.794,4.3908771312666035,0.10011307669330714,4.197504930014369,1.3330000000000002,6.78233076464219,0.055228295722731656,3.0679198113845487,0.474,4.381811838173275
2004.02.14.09.32.39,0.07679911555734627,3.3961449284507434,0.6759999999999999,4.635470049575937,0.0918368880879131,3.294464109366584,0.993,5.498879704161757,0.09979430015662216,4.399380498471534,1.313,7.485397450832571,0.05476367106000793,3.2085173703902172,0.532,5.2589608115281505
2004.02.14.09.42.39,0.07762733365050935,3.439566784337655,0.8160000000000001,5.6938706923769224,0.09342349550149978,3.1819702465774404,0.9550000000000001,5.908577890784856,0.10223412043373473,5.022466890331534,1.6139999999999999,8.66638257600387,0.05500264819618915,3.2047498414804765,0.52,5.054302094844612
2004.02.14.09.52.39,0.07806387515051776,3.4058667694625036,0.681,4.4706978653965175,0.09442532753699481,3.1298859292199768,0.8160000000000001,4.553862943515136,0.09979271142676828,4.69520034168393,1.4529999999999998,7.515578936347258,0.05589774075823637,3.1064443155022676,0.481,4.329334186271955
2004.02.14.10.02.39,0.0761460433763633,3.3883496712947245,0.7030000000000001,4.806553088924002,0.09296796795889566,3.102503432824327,0.8200000000000001,4.517685061006135,0.09868838316973406,5.201355363684523,1.66,9.54519640249709,0.05512265531436462,3.1152575455327343,0.458,4.154371713300321
2004.02.14.10.12.39,0.07774952930173035,3.566700093050676,0.781,5.183311122515453,0.09508809546119588,3.1477743705814767,0.884,4.774519857591122,0.1000467717768482,4.152613770180698,1.306,6.6368958059040155,0.054828519074531366,3.1518151145042794,0.488,4.669102947172536
2004.02.14.10.22.39,0.07605541128636081,3.4178361569761297,0.727,5.482844585902352,0.09306987750937129,3.1124824002946925,0.845,4.985501350351293,0.09876208267654836,4.348123090926302,1.382,8.231904167742421,0.05486220086712139,3.0943331431592287,0.476,4.447506591851437
2004.02.14.10.32.39,0.07691889784508826,3.349676254984287,0.7,4.693254975221308,0.09523501025218811,3.1752505353880367,0.835,4.567647956860544,0.10107202263616587,4.373271569414582,1.421,7.806314541069429,0.055774889780959,3.1515555399773296,0.5,4.894675741577163
2004.02.14.10.42.39,0.07625929630830264,3.3821786978973143,0.749,5.533751561172684,0.09359401815487461,3.147276657786713,0.8819999999999999,5.011004006943293,0.09769461621353234,3.9571704511460353,1.025,5.445540610315731,0.05508051856501194,3.091511700965022,0.454,4.212015537329568
2004.02.14.10.52.39,0.07750343899879944,3.578236615686597,0.755,5.1997692645128,0.09587588666881391,3.2120960933234386,0.901,4.766579125141494,0.09896924879492242,4.559700122261553,1.428,8.436964109227828,0.056071708326119116,3.2085105961861706,0.503,5.047108576646914
2004.02.14.11.02.39,0.07689420523568812,3.5470773142021708,0.7689999999999999,5.371015913801506,0.09294755273052513,3.2711996631345044,0.908,4.938268803383553,0.10172290530107084,4.340120910300023,1.3290000000000002,6.724149275677438,0.055747639996993364,3.149554275318857,0.516,4.8253163723972525
2004.02.14.11.12.39,0.0776544869015146,3.3311799985725137,0.7230000000000001,4.906348817721296,0.09458284852115102,3.160788376456285,0.774,4.313678498578537,0.10334731623722747,4.247163927908352,1.607,8.340806819030806,0.05678975325020131,3.1547796424003245,0.517,4.683943577427977
2004.02.14.11.22.39,0.07698864186724234,3.4282343784664375,0.835,5.8320291033870495,0.09405298721623293,3.183259401747895,0.8180000000000001,4.4868325025105165,0.1041303487990683,4.085971214473108,1.359,6.818377237648825,0.056983779473170036,3.1547436161404336,0.532,4.931227844097366
2004.02.14.11.32.39,0.07813684441464298,3.5572219183026546,0.827,5.682338509139917,0.09446960076527264,3.169078714666163,0.881,4.932803740304397,0.10019990468277651,4.214663600384232,1.34,6.846313897920479,0.056296221460958196,3.10885857850626,0.46699999999999997,4.298689924826102
2004.02.14.11.42.39,0.07653528310881769,3.4463197937706544,0.7689999999999999,5.422335727300491,0.093339693793691,3.1626850672535394,0.771,4.156859576351274,0.10055327582578738,4.555052091552877,1.597,8.353780551668292,0.05604184010002594,3.1090189384450455,0.46699999999999997,4.4074213044957755
2004.02.14.11.52.39,0.07844825685702805,3.4749347955380534,0.754,5.009671543323678,0.09388717906390694,3.2432528230151436,0.813,4.4734542478277595,0.10044699244385381,4.06063967785025,1.1600000000000001,6.052943798589586,0.05609720654392026,3.0796630574454977,0.52,4.6526380916250245
2004.02.14.12.02.39,0.07781413088150346,3.519169122860683,0.8160000000000001,5.307519281156306,0.09551630030024653,3.2210244544039024,0.808,4.365746984433019,0.10496968800749398,4.15739137124583,1.299,6.325635644002255,0.05546973458633208,3.138365510801166,0.474,4.57907364969773
2004.02.14.12.12.39,0.07730263111527155,3.3969041106344453,0.6990000000000001,4.773446837142676,0.09438559232776207,3.1258747465816494,0.791,4.216745269955089,0.10160284030578635,4.081669886899538,1.3940000000000001,7.135627289729524,0.05668160198782538,3.0833869957172015,0.522,4.816377632704128
2004.02.14.12.22.39,0.0781221315098393,3.4481424372039315,0.765,5.068986116311033,0.09393499508054094,3.1351201790719587,0.786,4.705381627167001,0.10138163053416346,4.980288387991494,1.748,9.636854278751924,0.05518733366339599,3.1197738442264624,0.506,4.693105877876222
2004.02.14.12.32.39,0.07923294929450911,3.3589869077111523,0.776,5.452277163055672,0.09505211718035926,3.2489028236871924,0.967,5.134025569088913,0.10019590892853672,4.1413766718216,1.282,7.046195873162289,0.05605197565304345,3.1755316258043433,0.493,4.442305504828001
2004.02.14.12.42.39,0.07538111630449963,3.500196713065041,0.825,6.022728532781093,0.09453311155191867,3.1966840983407185,0.869,4.855441574541974,0.10212143913046919,4.869823040312015,1.5950000000000002,7.892564057682968,0.05520024139793797,3.1848128588020446,0.49,4.63766087822875
2004.02.14.12.52.39,0.07695273730866807,3.3559125944069117,0.708,5.107030805462093,0.0933075295373282,3.1445518252482016,0.774,4.190444243233107,0.09932088247348843,4.179955002855573,1.375,6.957247889782368,0.05608815823452063,3.1516883985652755,0.461,4.136345483657025
2004.02.14.13.02.39,0.07620697076106703,3.523982653973765,0.823,5.891849466209031,0.09366071242914167,3.0722451230680137,0.86,5.114204105188543,0.100126226486714,4.0595344412264955,1.3039999999999998,7.071074431172598,0.054755406946198015,3.1154557164277845,0.469,4.638811291268043
2004.02.14.13.12.39,0.07855317354645037,3.3618641876245507,0.705,4.531962031928457,0.09369920055980667,3.244339751279287,0.975,5.293535025236542,0.10070267067391696,5.810303905373807,1.9769999999999999,9.890502340549885,0.055639163839281185,3.1192084420693766,0.481,4.385400195891087
2004.02.14.13.22.39,0.07703774503551003,3.398123017918036,0.749,5.477834272089376,0.09328046717636347,3.190397970702667,0.806,4.448948558709167,0.09792919331995376,4.983243080248807,1.553,8.64910627041199,0.05560989436748194,3.051610178187744,0.471,4.603497325643128
2004.02.14.13.32.39,0.07783553311209315,3.4319978423653223,0.742,4.856393794536379,0.09359416918729166,3.1761131561225158,0.833,5.374266413898549,0.09829235132056308,4.21676942351885,1.387,7.080917188867721,0.0556209417410048,3.0921851860112395,0.488,4.962159779407828
2004.02.14.13.42.39,0.07702249886903989,3.412006306369739,0.749,4.972573022477611,0.09521213593906044,3.3348491695045728,0.869,4.694779668487826,0.0994380553684994,4.3937170635519545,1.423,7.632892630364539,0.055433491434837924,3.071722868836021,0.457,4.185195519800805
2004.02.14.13.52.39,0.07605641216906862,3.4208909131129372,0.747,5.035735831827237,0.09236861340405354,3.0772192385693926,0.794,4.947568044579359,0.09928447896661327,4.857588041075956,1.5499999999999998,8.651906208712228,0.055076925518853855,2.9865236423319472,0.43500000000000005,4.212290316034109
2004.02.14.14.02.39,0.07764319967053215,3.4177640583898037,0.7030000000000001,4.868423784748556,0.09350167006362775,3.0774485995235397,0.84,4.598848338295836,0.09780089587715952,4.802505984390284,1.48,8.138984749176498,0.056794154852331635,3.2399660781653608,0.605,5.493523071365699
2004.02.14.14.12.39,0.07824552016429599,3.462614995853301,0.794,5.214356031416267,0.0958116015328063,3.2065439554906825,0.852,4.613220037331882,0.10195176938753932,4.223919910818727,1.319,7.140631343363199,0.05575110135893617,3.1195330609582537,0.488,4.555963807148846
2004.02.14.14.22.39,0.07848323274601796,3.3663784441404645,0.7909999999999999,5.313236794787324,0.09552847405600463,3.2314447453439445,0.9079999999999999,5.1084245281035745,0.10159682977491226,4.867372957600842,1.4380000000000002,7.8053616609582335,0.05583630423921116,3.1944882189162684,0.567,5.122115510631448
2004.02.14.14.32.39,0.07779132524390574,3.29535701365172,0.732,4.769169297948997,0.09302180996361148,3.0300952124994893,0.71,3.934561154455851,0.09613161195156487,4.363217100388728,1.2890000000000001,7.084038082531231,0.05499341979458201,3.0488327919747817,0.46599999999999997,4.746022360037226
2004.02.14.14.42.39,0.07653336531121165,3.355262772954064,0.7030000000000001,4.847558950157009,0.0939520860993617,3.315496528580748,0.916,5.7688979830292695,0.09747321421926321,4.47407376522222,1.254,7.058349368190154,0.05597544278799856,3.0477082137069216,0.459,4.180404626476146
2004.02.14.14.52.39,0.07771954820910969,3.4379526468945034,0.7929999999999999,5.339711945872542,0.09406905214928885,3.2357552890563497,1.048,6.856665239662204,0.10009319046440547,4.468527685182463,1.326,7.512998601712288,0.05564971448854208,3.1487581326868845,0.474,4.654111928163197
2004.02.14.15.02.39,0.07693467481866109,3.4162375296755685,0.696,4.666296450153082,0.09297426664304753,3.1253592467388933,0.835,4.829293268037576,0.10048858523095422,5.270029290163055,1.69,9.792156967266083,0.0542217024592379,3.1177891205602184,0.503,4.721356733356951
2004.02.14.15.12.39,0.07840756556538804,3.443220644918866,0.808,5.573441757167726,0.09402400219242558,3.165535404674179,0.9299999999999999,5.296519913934466,0.0990275177290541,4.7521061147166925,1.57,9.169168538429375,0.05512873738393503,3.110972136025406,0.5,4.552979297384444
2004.02.14.15.22.39,0.0763741992465183,3.3836154471369735,0.715,4.792194269934489,0.09303714054873127,3.1738718798668786,0.859,4.8797716408986425,0.09999643450674878,4.270893027738113,1.2839999999999998,6.880245314682362,0.05508072112675859,3.1773437558924664,0.494,4.484327636734693
2004.02.14.15.32.39,0.07685433411249491,3.360185370922254,0.767,5.178627914691587,0.09324944966744442,3.0910113050743657,0.752,4.268121703874797,0.09896118858271219,4.240576687746258,1.355,7.204844749859401,0.055109527838602915,3.1244840294302723,0.537,5.044499760806653
2004.02.14.15.42.39,0.07689268883127397,3.4793932922345587,0.737,5.1110190835225175,0.09353494213603077,3.1707307742820956,0.757,4.308550267919176,0.09737962119971508,4.20910255773265,1.2690000000000001,6.664638781752613,0.054581005238200773,3.165112651400124,0.481,4.525383856930631
2004.02.14.15.52.39,0.07817967180785793,3.4221871397231123,0.759,5.525733096727827,0.09376528833675606,3.138667831725527,0.791,4.297965773353504,0.10062035509465767,4.993740178625565,1.687,8.705991935487717,0.055167844478945564,3.078005005513981,0.476,4.42286629656377
2004.02.14.16.02.39,0.07825966082036613,3.4718474436506233,0.7709999999999999,5.32841563110226,0.09275002553276267,3.3442081953838416,1.035,6.684634278413148,0.10017413671210561,4.425616319399707,1.499,8.525154576119226,0.05576256733701942,3.2137163659478802,0.571,5.2544209133908435
2004.02.14.16.12.39,0.07600318789572251,3.3043861957047795,0.774,5.262937135594969,0.09480286933001092,3.081452543802566,0.771,4.272022596596585,0.09849183569828897,4.6326280894737595,1.504,9.076894482285812,0.05570820541348128,3.086303820864147,0.483,4.505619919669114
2004.02.14.16.22.39,0.0775694166814272,3.272213678600965,0.735,4.821487849212466,0.09316901539507381,3.158429823739529,0.909,5.141194183161095,0.09869457033135422,4.284036897467285,1.3719999999999999,7.447218195816982,0.055348389221847503,3.0415787263476406,0.471,4.281967430886854
2004.02.14.16.32.39,0.07732922906617361,3.2258166101647494,0.761,4.952849066583246,0.09449010442360817,3.1392814492612575,0.903,5.090480140053937,0.09951710603977212,4.256600160883726,1.3090000000000002,6.722462364737912,0.0551282701694421,3.007164845795358,0.41300000000000003,3.89999539871606
2004.02.14.16.42.39,0.07651370160437361,3.472432731240409,0.777,5.110195844683196,0.09366903717552895,3.222566842709291,0.9279999999999999,5.263211994761448,0.10016448679079078,4.440886497116974,1.296,6.748898952698993,0.054981322734264725,3.0419193360009364,0.45899999999999996,4.401494688835196
2004.02.14.16.52.39,0.07876241407609184,3.6552318596666904,0.888,5.853045585355357,0.09440549977978972,3.1361397014735557,0.887,4.840819666926167,0.09833053116593543,4.432860722212299,1.504,7.749373373302585,0.05546879357392655,3.1484912644778387,0.513,5.065911513389861
2004.02.14.17.02.39,0.07563445673052643,3.294028900027089,0.742,4.997722153895466,0.09300484829642283,3.192731919253515,0.903,5.010491480129896,0.10113602429478949,4.037409841302061,1.1110000000000002,5.527209556612951,0.055857034478937834,3.0251945029342378,0.439,4.18926644034844
2004.02.14.17.12.39,0.07764984159926294,3.3089038176237886,0.701,4.5589275226977435,0.09466159015350747,3.1336968484790364,0.901,5.134078132554932,0.10082460646851665,4.630073711419939,1.6059999999999999,8.668518832978673,0.05537449606500383,3.1315661834616635,0.552,5.688539352669199
2004.02.14.17.22.39,0.07831222347566902,3.4207031177532925,0.796,5.38868622637323,0.09477106615665327,3.2065572312064385,0.825,4.611111995697655,0.09796424680639233,3.849798671780828,1.131,6.532995667948512,0.05511504702169023,3.133703241756733,0.46699999999999997,4.390815450175742
2004.02.14.17.32.39,0.077487861007487,3.4261150547702037,0.783,5.162098873284828,0.09346977807859876,3.122522407743714,0.791,4.279458111729332,0.09918001532291233,4.369708909101164,1.24,6.42266486777646,0.05564763014032471,3.211162052429702,0.5369999999999999,5.085571466140942
2004.02.14.17.42.39,0.0766385636190668,3.4142624303884452,0.755,5.258449284137395,0.09390700316877662,3.194589977739504,0.9199999999999999,5.1220887023251205,0.10018190754626992,4.717192648686849,1.592,8.893821467598665,0.05521591452468098,3.095581372285367,0.48,4.5457908677362475
2004.02.14.17.52.39,0.07512177873709461,3.4322386192221237,0.74,4.978582859557895,0.09308109047651342,3.03164492264922,0.742,4.275841612539176,0.09777917738095815,4.242124443751018,1.2349999999999999,6.86240177073399,0.05600026811808025,3.1228183297189105,0.474,4.321407881293123
2004.02.14.18.02.39,0.0750074140215694,3.264094651949371,0.703,4.719533457028694,0.0929709555935851,3.0920772351676713,0.823,4.829465257545234,0.09701658026184558,4.1020831755666824,1.202,6.42158276779636,0.05495747557060595,3.212644280342161,0.615,6.222993258862839
2004.02.14.18.12.39,0.07638231571703541,3.332808431759835,0.713,4.7262248677737695,0.09299380282191524,3.132545912770482,0.945,6.0649202730215235,0.09976712215008196,4.151552169790703,1.06,5.362488046865653,0.05419564979803499,3.059373891031528,0.491,4.963498011417022
2004.02.14.18.22.39,0.07788027921511965,3.3784283215736437,0.718,4.6738404595926655,0.09394573888936501,3.254328539494838,0.859,5.1199767619737235,0.09845449258096352,4.1773181921077915,1.1030000000000002,5.677750048229739,0.05532732278435651,3.098931039162142,0.476,4.319746338197588
2004.02.14.18.32.39,0.07527439096762507,3.438136765784159,0.794,5.2873227519193975,0.09374748564336606,3.0988801217974906,0.881,4.714793116494401,0.09880805379188796,4.623426389869281,1.653,8.673382048441468,0.055690793691175966,3.077613803311899,0.469,4.560897469131339
2004.02.14.18.42.39,0.07918299858950152,3.4132599061601256,0.752,4.773752026740209,0.09538764839745696,3.2540060970552176,0.9299999999999999,5.241768807598889,0.1011358413147263,4.771755747755391,1.533,8.879146980203576,0.055765557141314835,3.113193399513643,0.517,4.680308301028949
2004.02.14.18.52.39,0.07800711324486297,3.348148374596872,0.74,4.884169970551886,0.09410742386529608,3.158005351437436,0.872,5.036797104110259,0.10029109755131248,4.446452503806051,1.443,7.817244193572394,0.05628300247132788,3.1185709877691137,0.489,5.081463096175374
2004.02.14.19.02.39,0.07825582203031686,3.3212339905021637,0.73,4.868647342972103,0.09369663116359227,3.103924681082199,0.869,5.133589052526173,0.0996738516812929,4.5065672983238105,1.621,9.721707184531978,0.055187911415510646,3.159416895301975,0.484,4.475617823989263
2004.02.14.19.12.39,0.07756201211067341,3.5701837051718384,0.796,5.479486522262555,0.09473084017403269,3.213306002517748,0.8400000000000001,4.845306968213923,0.0991017848957891,4.438374143354385,1.4329999999999998,8.25413993158823,0.056463515339138466,3.130695962197828,0.537,4.923533335291657
2004.02.14.19.22.39,0.0768954961879067,3.3632654563177486,0.73,4.889753218851499,0.09349721701657088,3.1284500475701713,0.879,4.962714557779441,0.09702139920809674,4.159937041430156,1.2690000000000001,7.874551451905281,0.054539070893316936,3.0064773178862767,0.45899999999999996,4.437185966614146
2004.02.14.19.32.39,0.07675198204637372,3.3774049694681145,0.786,5.211591796526103,0.0933038226457657,3.159638244961544,0.8600000000000001,4.8979772429585395,0.09850783846111562,4.012514684106244,1.2429999999999999,6.446187531062881,0.055194401642342766,3.062740834494772,0.444,4.203324849924989
2004.02.14.19.42.39,0.07706073123730481,3.337660534205155,0.73,5.073920188947265,0.09312319314522295,3.078943365123004,0.854,4.585323865925707,0.1003627989159828,3.9356752121576517,1.1320000000000001,5.858744538324755,0.055228806738422294,3.0783566392029345,0.5,4.5447297311491806
2004.02.14.19.52.39,0.07648439894024141,3.4036831485979366,0.723,4.824513300919134,0.09132605456378537,3.2592761239573496,0.849,5.157345318920317,0.09860464579255382,4.08419075621292,1.2429999999999999,6.73396263089809,0.055909589754911455,3.1804936403703183,0.488,4.364188703040259
2004.02.14.20.02.39,0.07804829515724943,3.4955016945782225,0.8400000000000001,5.8169111712856,0.09364277618294964,3.195917521033402,0.933,5.6598065713530366,0.101625420173255,5.26576256574651,1.631,8.098367500935467,0.05566915338562169,3.0739516889829552,0.488,4.562670429717788
2004.02.14.20.12.39,0.07650581224090511,3.3214339391366456,0.6890000000000001,4.60095762256083,0.09331115962073146,3.1873608303243133,0.964,5.647770343247492,0.10101319820170779,4.6800658221566716,1.541,8.24644714581383,0.05561160521658789,3.182483096540869,0.534,5.088865874268747
2004.02.14.20.22.39,0.07870505320746962,3.5518785151478065,0.883,5.857311331520047,0.09320886796011553,3.1787709401374014,0.867,4.795681031028863,0.09986034951018785,4.161583151458868,1.221,6.138572546628841,0.05586834543356708,3.0954062343460187,0.529,5.280270924629114
2004.02.14.20.32.39,0.07722064160724369,3.422493025720139,0.764,5.024563276402557,0.09165921007195964,3.0936291783383467,0.742,4.047601978118031,0.0987635779826627,5.1118030155654415,1.647,8.86966650958895,0.05591865342424878,3.1020522004770252,0.484,4.6317281289839904
2004.02.14.20.42.39,0.07668115900587559,3.3061549297903348,0.788,5.346815375711579,0.09231781731892956,3.0358248105183456,0.728,4.311193782073865,0.09803146193593604,5.1082288666399345,1.958,10.088597889586872,0.05424208251556166,3.027922184987703,0.446,4.221814306895418
2004.02.14.20.52.39,0.07560518496862914,3.389790037405521,0.742,5.198056193673324,0.09185907998761948,3.166108925971856,0.847,4.648424522187136,0.09901202751078717,5.85517808622574,1.9260000000000002,10.180581342909884,0.05402717324845665,3.144796799973897,0.44999999999999996,4.479227497006111
2004.02.14.21.02.39,0.07643147398057785,3.2740950474169193,0.718,4.788603188432621,0.09241911951725006,3.2027258492693784,0.839,4.98814533624673,0.10069441874700343,5.104177091745033,1.558,9.116691981772018,0.05552922143875016,3.1121691039049386,0.451,4.213997494240158
2004.02.14.21.12.39,0.07738588467210525,3.468679864414069,0.708,4.768311450641216,0.09360242655942473,3.118510536204815,0.884,4.8289346399907895,0.10166028537755968,4.810123081357004,1.721,9.098931766368846,0.055422537087249084,3.1129960418962392,0.513,5.070139599665656
2004.02.14.21.22.39,0.07673222832214148,3.4150533719613865,0.891,6.802878157122073,0.09403997861614495,3.225802352487968,0.899,4.934071730215597,0.09849534783390469,4.221784408542455,1.2770000000000001,6.89372660671259,0.05543547989907388,3.043886780571465,0.45899999999999996,4.2752403412306235
2004.02.14.21.32.39,0.07787403565815439,3.520991417833954,0.81,5.765721478349813,0.09352597347712426,3.083052712715787,0.769,4.330347869611429,0.09920969176170806,4.957330140906403,1.665,8.466914724597649,0.055377674349924175,3.0545241115329738,0.466,4.225529561270216
2004.02.14.21.42.39,0.07610197914948566,3.468064353983994,0.8300000000000001,6.031380591277332,0.09377789532903663,3.224914831144822,0.869,5.20378494620469,0.09722666790120843,5.20281228349556,1.526,7.857926395012291,0.05535919594947054,3.0801183418786873,0.45599999999999996,4.407578466687135
2004.02.14.21.52.39,0.07844877284532563,3.3924706247737952,0.76,4.9841442487688035,0.0948752485792198,3.2047345819491473,0.879,4.785231204120798,0.10052244409870924,4.506105742576747,1.287,6.9238268750862675,0.0550006791506364,3.131423430530916,0.476,4.345400887604032
2004.02.14.22.02.39,0.07838618964181446,3.4702673332381755,0.732,4.82227802789331,0.0940637242964344,3.1908087820857545,0.911,4.858408524840039,0.09957839493726162,4.509252904805846,1.252,6.718324797477373,0.05557172396017826,3.1666518943594593,0.5569999999999999,5.146502206858702
2004.02.14.22.12.39,0.07640125207324402,3.415570125280876,0.75,5.183161129615578,0.09363039062627115,3.2098816962753567,0.9470000000000001,5.425588813654522,0.0998476676657059,4.537377728970587,1.4180000000000001,7.331167738947755,0.0551817380910569,3.1341659517689737,0.427,3.9324604027861962
2004.02.14.22.22.39,0.07758806582835001,3.416107772625158,0.7250000000000001,5.1296548734763565,0.09416482702388138,3.1372312705605623,0.893,5.054966010602668,0.0983603124955322,4.56326147790601,1.294,7.248858629158853,0.05503170517273429,3.1589097750319852,0.563,5.669459069470771
2004.02.14.22.32.39,0.07630787730419367,3.259737428643497,0.749,5.241922775619092,0.09344891260778868,3.1845263582154275,0.835,4.836867411149814,0.10008663946996435,5.061575886586303,1.768,9.611672497893116,0.054832327425154724,3.213770390237739,0.518,5.033526989652878
2004.02.14.22.42.39,0.07535862403731158,3.460599220450614,0.744,5.016015151933302,0.09221802116579154,3.1953687518031706,0.798,4.554424338003468,0.09595847007177441,3.9200501900429865,1.177,6.8988177854945105,0.05458688780570386,3.1020320194099957,0.43,4.121868988040924
2004.02.14.22.52.39,0.0768473247948489,3.296495418006994,0.6930000000000001,4.827754264581351,0.09256967155498001,3.158893965041772,0.7769999999999999,4.645149893878684,0.09930827088423011,4.618788384035648,1.4569999999999999,8.307465155261381,0.05545045384874004,3.168413633111191,0.503,4.616734079369793
2004.02.14.23.02.39,0.07787287473273749,3.400597038419385,0.715,4.699967752007681,0.09347937528415359,3.2401486444701875,0.879,4.749710817496935,0.10014722024427962,4.767627483034334,1.504,8.28779868253417,0.056041456735588836,3.17259691901093,0.471,4.4431393205001015
2004.02.14.23.12.39,0.07755523957507239,3.411822456846819,0.862,6.550169953485388,0.09383125593235844,3.2126892030572036,0.962,5.467261360860544,0.10157016197060226,4.964587384293395,1.589,8.723034233778593,0.05600947534234721,3.1800752971934783,0.522,4.749196423893027
2004.02.14.23.22.39,0.07666440030051432,3.404976615861351,0.75,5.256677133327767,0.09483166443798255,3.3758928634671683,0.923,5.145960506884695,0.10084138564395945,5.584542127323257,1.782,9.390985595374222,0.055141590208327554,3.10765032575737,0.525,5.313593585042289
2004.02.14.23.32.39,0.07756505271282776,3.59416197100937,0.857,5.943398268634961,0.09307478013546755,3.0720388519285162,0.875,5.146399479029978,0.0985131076204932,3.951979566351143,1.116,6.049956339779672,0.05566253517641489,3.0954625860307265,0.513,4.868624814538219
2004.02.14.23.42.39,0.07749496549927856,3.3910969739121195,0.7230000000000001,5.071297179991114,0.0942920136485091,3.2325085429754856,0.9790000000000001,5.589020528975973,0.10313604770368845,4.644958048024645,1.3719999999999999,6.796847616402602,0.055711239766568874,3.149277545005897,0.469,4.379726622892696
2004.02.14.23.52.39,0.07696251021449096,3.471987151450031,0.7909999999999999,5.418222441521726,0.0929666785483514,3.0788256861132703,0.769,4.625313141378495,0.098995085746481,5.665984805466763,1.7229999999999999,8.949939214851328,0.05448439023515703,3.1324061693573855,0.478,5.010609439175513
2004.02.15.00.02.39,0.0782745225402637,3.3734058194569596,0.717,4.611973197464154,0.09354334254020298,3.2662208384534055,0.8420000000000001,4.671631226051031,0.09906679209944673,4.5414997243736535,1.2890000000000001,6.904432711552594,0.055183756420311314,3.19394094115367,0.491,4.693410104729128
2004.02.15.00.12.39,0.07576478107129493,3.393678130983553,0.745,4.962727994240261,0.09265307488236023,3.0749323232789996,0.7769999999999999,4.45748832971143,0.09921838041269747,4.520999664562168,1.504,7.8211314957192295,0.0549816966170618,3.135122219688983,0.498,5.056228110533273
2004.02.15.00.22.39,0.0749523728985614,3.303574164456034,0.6910000000000001,4.656290208080905,0.0939187468286251,3.1342219775185165,0.786,4.18446809897403,0.09598169126762536,4.078996828124229,1.1179999999999999,6.157424319103912,0.05557742215608443,3.0965274718325166,0.513,4.840094944391925
2004.02.15.00.32.39,0.07601210519857182,3.5926312705867858,0.862,5.972732880032511,0.0931326478088679,3.154114913767266,0.8029999999999999,4.713706850694728,0.09883132652917102,4.819508665091235,1.565,7.9529439460473546,0.05522348372112063,3.107018581696014,0.474,4.5089513232713365
2004.02.15.00.42.39,0.07784616647443614,3.469157113349665,0.837,5.613635452986708,0.09262569901052028,3.242825055803966,0.8620000000000001,5.031001168985213,0.10045348323936744,5.6512130796458955,1.7730000000000001,9.57657185174635,0.05555982795529406,3.1744467905672304,0.491,4.751634584117617
2004.02.15.00.52.39,0.07777190268764324,3.3199102815576578,0.718,4.808934680460413,0.09379570370333135,3.2003862577088533,0.8620000000000001,4.8722913945553,0.09828214874390338,4.048729949663187,1.1840000000000002,6.735709469732824,0.05495808772373726,3.2118127096308173,0.491,4.712682167944752
2004.02.15.01.02.39,0.0760942646286499,3.423233380403553,0.774,5.1383636060895235,0.09350777953723624,3.0960153122733205,0.837,4.908682489003165,0.10287254159615736,5.341060280683603,1.924,9.419423151845171,0.054779543078084816,3.0739348131874733,0.451,4.271667612605816
2004.02.15.01.12.39,0.07791981712241516,3.3696095439516784,0.728,4.889641866092084,0.0939066051365997,3.143378171312783,0.823,4.781346310484439,0.09934069179784788,4.923255479617891,1.678,9.563049972846885,0.05696023532433065,3.1568990627918345,0.476,4.248577953058936
2004.02.15.01.22.39,0.07685402406917285,3.381865700026389,0.788,6.0634430746342485,0.0929651968858844,3.159351284896289,0.821,5.044898690159304,0.09726747965099256,4.239717536414663,1.189,6.405018432012417,0.055726655268568515,3.1734304377367133,0.46599999999999997,4.288791402393803
2004.02.15.01.32.39,0.07674329768933816,3.3646884901407135,0.698,4.834298383968748,0.09201157021122058,3.0912312006396023,0.796,4.379883954538308,0.09875289256048403,5.388011795011338,1.694,9.538961093448934,0.055411750202884545,3.2647810317945565,0.562,5.468154297429624
2004.02.15.01.42.39,0.07582986649298382,3.3324219979978515,0.716,4.866156529949078,0.09325771347747527,3.088786204843764,0.849,4.707385412210782,0.09821452101737235,4.834800712272153,1.558,8.05379888642013,0.054871919403848994,3.0790094883715726,0.427,3.9546639220493263
2004.02.15.01.52.39,0.0784444861181699,3.56474034220826,0.869,6.284699210819454,0.09277703683807284,3.2819338410997183,0.904,4.925787841204919,0.09900153166231507,4.013351977434276,1.3279999999999998,7.393825001584655,0.05473917023313835,3.0936744713375517,0.479,4.950750967648762
2004.02.15.02.02.39,0.07731954482353573,3.258647437570697,0.725,4.733602620596277,0.09381157014654096,3.1457047950575294,0.8420000000000001,4.679593352016686,0.10302551001033979,4.2153610199508815,1.3519999999999999,6.988560405357273,0.055861584746502,3.1611045240253164,0.493,4.672262721947637
2004.02.15.02.12.39,0.07740247581129915,3.3167613458612375,0.698,4.793128334867058,0.09241736675395147,3.2315341547231755,0.884,4.836753260781342,0.10102636519663444,5.63813449242954,1.907,9.809320547870348,0.055454483640724445,3.191230016319793,0.5469999999999999,5.554104551679789
2004.02.15.02.22.39,0.07701573119540255,3.3112997957537105,0.742,4.973009981925137,0.09374155404663466,3.17335526826638,0.788,4.68308856690818,0.10142859128894266,4.786866967898007,1.604,9.001406688170494,0.05439321309556345,3.1602884883983946,0.505,5.1109317537756365
2004.02.15.02.32.39,0.07521198946560981,3.364919257675685,0.662,4.547147368789883,0.09166494189310123,3.1580620288811208,0.727,3.992802400145801,0.10090762594873282,4.534671041340754,1.587,8.829857918297295,0.054516125230579714,3.117736642305461,0.45599999999999996,4.384023974358651
2004.02.15.02.42.39,0.07688848490722212,3.404782937150947,0.764,5.3063862617700845,0.09432188255806218,3.152566879290891,0.94,5.078354958671861,0.10055232648391645,5.172177168388445,1.567,8.642266473456468,0.05594337783364087,3.086156616899033,0.481,4.5760554673918445
2004.02.15.02.52.39,0.07637173140254105,3.444902805279728,0.764,5.211352324883363,0.092937035031621,3.202982388998246,0.764,4.121069709935202,0.10023732775268902,4.609674168094991,1.592,8.210514171233198,0.05454920594418057,3.125435169232858,0.469,4.34470119038064
2004.02.15.03.02.39,0.07586469664650103,3.3650362834636387,0.747,5.022098773759114,0.09177067312225895,3.2236217662440514,0.9159999999999999,5.404776745390302,0.09798818014059463,4.3779147598799515,1.306,7.000844377512869,0.056345533457630874,3.067177429002397,0.495,4.543394734074169
2004.02.15.03.12.39,0.075098837218445,3.3680355169904708,0.76,5.206472090408966,0.09397151460224862,3.130892805246805,0.862,4.831251277811546,0.09878236712433804,4.457927418559603,1.406,7.116654727610739,0.05470675286099285,3.0641373773472815,0.442,4.112837780222742
2004.02.15.03.22.39,0.07799511327841316,3.4231812112270346,0.847,5.538808546349856,0.09238539379321888,3.1630316065566464,0.801,4.362161413762144,0.10065237011305297,4.1423116064384775,1.401,7.322231947168257,0.055938342783455566,3.0869704820282577,0.518,5.202156258480842
2004.02.15.03.32.39,0.07796534561705924,3.267938429937038,0.698,4.566131236672223,0.09365897690599724,3.1168279274847297,0.8049999999999999,4.559093149486006,0.09851387711573939,4.355326219401241,1.193,6.364585562533152,0.055494001294621925,3.0493848937009855,0.464,4.180632042881431
2004.02.15.03.42.39,0.07798807594904733,3.484217795634841,0.791,5.1289892093418965,0.09277016263956787,3.147457429701101,0.784,4.689007625114003,0.09991390067867496,4.442677682406618,1.4329999999999998,8.59740230503622,0.05485481903967052,3.0795576824895767,0.456,4.1746560103386585
2004.02.15.03.52.39,0.07783362414069513,3.3371091909595982,0.708,4.8308170684732294,0.09496160151197298,3.1346409427931268,0.755,4.117453726290639,0.10115992714200124,4.929265662031491,1.619,8.204829950449687,0.055889930890993235,3.1857901031001763,0.484,4.329939152581753
2004.02.15.04.02.39,0.0789731544947989,3.361132132244401,0.7569999999999999,5.191637621959273,0.09386213345996483,3.0835641604157,0.835,4.6557646187148976,0.09997568967199288,4.292561866413755,1.221,6.421561102567211,0.05465330002044707,3.171915564513842,0.505,4.958529492246811
2004.02.15.04.12.39,0.07863142766105437,3.4299032321679883,0.8029999999999999,5.64659720937396,0.09450331689574115,3.1869985264749197,0.898,4.878135658546132,0.0993932518124816,4.478787338882062,1.455,8.551888428035703,0.05500655101255554,3.1307453493454562,0.528,4.799428343357514
2004.02.15.04.22.39,0.0772709316302062,3.438306083286987,0.789,5.940138035304482,0.09377655509324413,3.1732713202089813,0.874,4.969259102519236,0.0990292407692988,4.465612919798517,1.46,8.60351945931649,0.05561434501182002,3.0816530847733623,0.43,3.865909055555808
2004.02.15.04.32.39,0.076864965363881,3.3077839773743682,0.759,5.841412896947534,0.09442057958734089,3.171468148855677,0.849,4.75531925309425,0.09943837380783574,4.3320678602886336,1.324,7.713320025548934,0.055711010136153746,3.164802714083237,0.474,4.469493541608054
2004.02.15.04.42.39,0.07859432684927473,3.527523061843325,0.813,5.471132806120192,0.09299301862866843,3.178046533329569,0.962,5.301473242508713,0.09902862073466122,4.53591658886213,1.575,8.876221777895967,0.05511904685471144,3.1148847772075707,0.471,4.426781918837617
2004.02.15.04.52.39,0.07406587578013323,3.160865551193161,0.615,4.2529707059035795,0.09168768426191438,3.0657767039856094,0.747,4.5044217587634465,0.09521619622436879,4.0032136619060195,1.165,6.616521400576212,0.05475266385500116,3.151650122238379,0.496,4.547723936490372
2004.02.15.05.02.39,0.07718297304538742,3.336034830856613,0.698,5.001103025313793,0.0934297713149762,3.1766854765083217,0.911,5.094735792462548,0.10183912520183488,5.137928282161251,1.948,11.341417139148696,0.05506149882035314,3.1282954185588365,0.434,4.158985950367039
2004.02.15.05.12.39,0.0776099066319621,3.5830624514456058,0.84,6.10746772635328,0.0931508529026137,3.1386445239317458,0.84,5.034843862249171,0.09939998948770695,4.3768200203253045,1.4689999999999999,8.812878195609237,0.05522226308151224,3.1121470471856254,0.485,4.635811459268242
2004.02.15.05.22.39,0.07535483865674701,3.3873433248055256,0.766,5.374571921583402,0.09214597502273567,3.147056439236547,0.847,4.796736915431661,0.09795840779740718,4.61538153723844,1.562,9.218198011829069,0.05478306471609178,3.18251316155557,0.469,4.508692627549315
2004.02.15.05.32.39,0.07658680736589037,3.329519081244591,0.738,5.04003252356376,0.09366519315200884,3.139692478250451,0.769,4.249177166101473,0.10051446568778048,4.745782111067401,1.4260000000000002,7.600895998125763,0.054562397086099966,3.16968791837383,0.529,5.003445863443344
2004.02.15.05.42.39,0.0740066815633266,3.346576183254911,0.659,4.945499409898798,0.09168387140272068,3.232304272377729,0.791,4.362817515013117,0.09546015969944609,4.155921547717059,1.184,6.44247822270895,0.05479098735122297,3.149932157094886,0.508,5.128580695192162
2004.02.15.05.52.39,0.07723644861165371,3.412106396846204,0.72,4.868167902055348,0.09239720666139277,3.1368844570023873,0.9179999999999999,5.335659137474716,0.09777479579809602,4.893999419615582,1.5939999999999999,8.713902116035829,0.05579839241145864,3.0906904793301626,0.449,4.15782587944876
2004.02.15.06.02.39,0.07638222845805659,3.2227278037888736,0.6910000000000001,4.608401811597996,0.09300758511364476,3.164201071029097,0.8180000000000001,4.5157607251796446,0.09983957566586822,4.849209872779856,1.5499999999999998,8.263256273854934,0.05597469739129346,3.103943984272254,0.471,4.44843851962888
2004.02.15.06.12.39,0.07657197230945129,3.368110746887085,0.7030000000000001,4.845114848298186,0.09371351659904444,3.061489880796084,0.786,4.268327713187947,0.09849254190316582,4.841829112823407,1.592,8.599635907790242,0.054611984916173625,3.064595769952775,0.40800000000000003,3.9368647803227277
2004.02.15.06.22.39,0.07622631580171722,3.314020768717103,0.664,4.447283020759126,0.09130357561411204,3.157556997120854,0.788,4.380989433432171,0.09703735462882,3.8276182697372154,1.06,6.090438081918543,0.05497459507368495,3.1221975628370133,0.44699999999999995,4.311082231389574
2004.02.15.06.32.39,0.07611128423493212,3.2386430073686623,0.6859999999999999,4.67736162355555,0.09281608605235477,3.211966136282736,0.886,5.624025125402891,0.1007987596223597,4.547928797362762,1.431,7.291756394162598,0.05457668773157638,3.0682602134706882,0.44499999999999995,4.342513440273861
2004.02.15.06.42.39,0.07623503727422926,3.480251076003642,0.81,5.60109911750964,0.09211698070804114,3.1479794395080707,0.889,5.145631091647615,0.0998910967062224,5.516356009482403,1.658,9.750618744976975,0.05621944743174954,3.0779636595659703,0.481,4.606946738749545
2004.02.15.06.52.39,0.07708552506033882,3.4056871758192346,0.75,5.227959460411681,0.09179512152580603,3.123423744570598,0.825,4.782389223991446,0.09939245792996254,4.405686291132697,1.3820000000000001,7.0729712761039965,0.0549583742517064,3.086950348544133,0.452,4.221376690246558
2004.02.15.07.02.39,0.07748513088207633,3.6670576458997246,0.96,6.336699627535596,0.09476188883813934,3.249448740217269,0.986,5.329146624151606,0.0995290977985521,4.7774883413818365,1.56,8.168465483787667,0.055911995757004146,3.1909737100625866,0.496,4.542853399544072
2004.02.15.07.12.39,0.07610651811513502,3.302260535679152,0.73,5.20323370201913,0.09280966746519459,3.1575288579671943,0.7989999999999999,4.816308604571109,0.09973894489569383,5.095347349025428,1.56,8.83305915178211,0.054813284807665466,3.0986527666645114,0.473,4.579181869518217
2004.02.15.07.22.39,0.07635003555786664,3.443134283539567,0.723,4.859198784770893,0.09103083000675513,3.211071295278283,0.852,4.745644964106584,0.09695496724680033,4.083878157745176,1.182,6.446291693431787,0.055567796692840676,3.106495590413243,0.5,4.696965068503915
2004.02.15.07.32.39,0.07706156097359759,3.3695245233286553,0.694,5.1387487483633425,0.09293066499328276,3.104602102829238,0.9279999999999999,5.541766004119581,0.09991099701343567,4.191568844293232,1.206,6.235549825573467,0.055032411880835054,3.1726538193307054,0.528,4.7971729927384406
2004.02.15.07.42.39,0.07699595762268546,3.39192779691917,0.6990000000000001,4.792459388689788,0.09302413003909926,3.179556882999181,0.986,5.77269574866534,0.10011057826653172,4.814513547774225,1.499,7.851318148491508,0.05547664116404084,3.179656627194865,0.486,4.668631599994559
2004.02.15.07.52.39,0.07728027098298197,3.4806387098295493,0.732,4.891287196485634,0.09261385702837278,3.141732576082592,0.8109999999999999,4.480970918562028,0.09955832662510265,4.415489245381768,1.314,6.599146673828725,0.05471639147544134,3.1830564853694963,0.501,4.6421189912350895
2004.02.15.08.02.39,0.07780435763121658,3.3735755677580297,0.786,5.205363970995712,0.09321440313155406,3.27528274191683,1.04,6.83370786702349,0.09853231247444921,4.878115095239072,1.555,8.372887830212386,0.05533633534817449,3.153861922478632,0.503,5.023823826620117
2004.02.15.08.12.39,0.0768502967803923,3.4013357758732137,0.748,4.866604498206998,0.0917577778442889,3.1042970447566125,0.813,4.980504222492395,0.09907705531870131,4.529278804135804,1.475,8.407597473708597,0.05586628759675866,3.1087769926525946,0.498,4.582369994723849
2004.02.15.08.22.39,0.07659630599315398,3.342578328673436,0.781,5.130795733610515,0.09231449330320848,3.244451670183926,0.7909999999999999,4.657990144490723,0.09765759474074137,4.345791070927685,1.2229999999999999,6.420391590275615,0.05426084326038552,3.1228551667404414,0.471,4.459938059545014
2004.02.15.08.32.39,0.07640399408735123,3.420863955756406,0.8009999999999999,5.9159210902408725,0.09332165556013446,3.060416560706788,0.8009999999999999,4.554141238162446,0.10105537041951308,5.170829161397191,1.548,9.064337661594745,0.05590265106848131,3.140414759010056,0.478,4.579389261636223
2004.02.15.08.42.39,0.07807795239624708,3.352352808390969,0.825,5.5969705478726794,0.09375618781662494,3.162267333368386,0.815,4.554366063124891,0.09945037628762397,4.487518930269374,1.445,7.802886514533668,0.05519762037372512,3.0579119151846696,0.44699999999999995,4.38424697226976
2004.02.15.08.52.39,0.07713057459340865,3.4000626852348463,0.8029999999999999,5.53606662793473,0.09276254153120281,3.1908797847067096,0.8400000000000001,4.840315849355729,0.09916315223770748,4.103967790088381,1.2890000000000001,6.766626361287127,0.05558831260298225,3.172683949924665,0.48,4.515337635676571
2004.02.15.09.02.39,0.07667752265474381,3.3703430496021007,0.708,4.9297367326540025,0.09363225965888106,3.1592564961362295,0.911,5.478880909944394,0.10071125136916802,4.289832433956345,1.4180000000000001,8.022936752500359,0.05502823050347658,3.209498507517889,0.549,5.724334530075411
2004.02.15.09.12.39,0.07616845537195828,3.3379413350421916,0.747,5.711025619145573,0.09346514249348858,3.2387132264361025,0.878,4.932320089621823,0.09821823794807663,4.86887432717128,1.5070000000000001,8.25712227120932,0.05534504515706442,3.226599829603081,0.476,4.589390057938703
2004.02.15.09.22.39,0.07769009071504872,3.4444621380077156,0.767,5.122918461503439,0.09425509093926307,3.2023927181010405,0.81,4.2968501325936606,0.10044696619399773,4.397035481451233,1.4409999999999998,7.4666267028064475,0.05586415101959955,3.124406257608573,0.493,4.851053762634315
2004.02.15.09.32.39,0.07704597666024651,3.424512117705836,0.7809999999999999,5.386394176428526,0.09285667982585448,3.132233495400262,0.823,4.867716580516244,0.09897752911409362,4.551642518332208,1.513,7.840163388050306,0.05567227055711286,3.2032461850659075,0.564,6.394565848267102
2004.02.15.09.42.39,0.07618983570301963,3.204913534798466,0.647,4.291911079512146,0.09237666423779939,3.077119421153102,0.752,4.362573636157533,0.09987802864228323,4.557829087599933,1.452,7.719415475863709,0.054545235044095516,3.133747925254413,0.493,4.8400194771656375
2004.02.15.09.52.39,0.07626676749553996,3.4773930745507347,0.7889999999999999,5.441426372558257,0.09279007252176144,3.2013844918656265,0.847,5.420838526470973,0.0984629609929541,4.460315889959576,1.331,6.895994119540936,0.05673897753983257,3.1835502639085815,0.556,5.287370569717976
2004.02.15.10.02.39,0.07687972991038503,3.344392545730748,0.725,5.306990548426559,0.09390761568266508,3.192268994686638,0.93,5.846171218479173,0.09897436561467886,3.9572935466525325,1.1789999999999998,6.0217612540232075,0.05547539264803022,3.136821334068116,0.613,5.85845335177704
2004.02.15.10.12.39,0.07759393186144616,3.341693805501719,0.796,5.219480316104861,0.09325635817381972,3.339556519830792,0.888,4.996978320035044,0.09871695006668688,4.461255436822833,1.387,8.509176989691735,0.05520475248803879,3.1090931433746567,0.447,4.075736052774636
2004.02.15.10.22.39,0.07751806461591308,3.4184945898308086,0.808,6.0115019938763865,0.09285327597546034,3.118647479238748,0.806,4.5232652869565895,0.09842378376661558,4.179215469730649,1.182,7.071461524486489,0.05510941575700223,3.038806992779959,0.469,4.609012752375744
2004.02.15.10.32.39,0.07726790157161802,3.3435785290994704,0.723,4.840302278085644,0.09387670578302092,3.218742921234537,0.937,5.0172190861557455,0.0991161745854486,5.007035666171456,1.716,8.838113493219975,0.05462085358619339,3.149320065465112,0.41100000000000003,3.808069379065444
2004.02.15.10.42.39,0.07629958876752711,3.2913308967098596,0.8049999999999999,5.46529813247793,0.09226735206893336,3.184459874843868,0.901,4.952997888771895,0.09730810317419292,4.475984363848142,1.374,7.974669885516821,0.05470484233950981,3.164889130001742,0.481,4.643099022635369
2004.02.15.10.52.39,0.07781444368807358,3.376580121469836,0.754,4.85770998396195,0.09325880723531223,3.133251278579884,0.845,4.8145586814881245,0.09907661374221972,4.081262938173512,1.147,6.035733130281309,0.05541740669540347,3.4400884872394792,0.627,6.297660262564169
2004.02.15.11.02.39,0.07798443416898176,3.2728455757651256,0.745,4.949705721575026,0.09405435725760197,3.142481800853936,0.806,4.858892382288465,0.09807659783541,4.156337070287356,1.289,7.147474682761761,0.05471412744609476,3.069883447639542,0.474,4.64231107861941
2004.02.15.11.12.39,0.0771727857938762,3.443336285301682,0.72,4.71668861316244,0.0928651544663686,3.1756563086517664,0.766,4.36116218539939,0.10156068772421555,4.969244246437748,1.8599999999999999,10.141719429834195,0.05688841617175899,3.2384610392922952,0.508,5.0273855249634885
2004.02.15.11.22.39,0.07657231665382976,3.4935185749376494,0.745,5.040986310301143,0.09167197353838236,3.097985203704574,0.8540000000000001,4.897898263442612,0.09869145639037416,4.10015766803028,1.242,7.07254736660345,0.054670133849810995,3.0451062354636513,0.471,4.46313156412445
2004.02.15.11.32.39,0.07822583586312373,3.438735043810573,0.744,4.959998135128988,0.09436759904755446,3.1910661766610375,0.931,5.02291045638597,0.09726563780120398,4.349816559205214,1.177,6.374296349828957,0.05616930192298659,3.1294558445449936,0.488,4.468633068364365
2004.02.15.11.42.39,0.07821529157356316,3.289878425789997,0.65,4.37254650746065,0.09290242092891403,3.187489595637681,0.835,4.542400464708029,0.09897483108093694,5.182691212656004,1.728,10.285443166531174,0.055414851013880974,3.089725686274314,0.432,3.915917773479951
2004.02.15.11.52.39,0.07738252216313529,3.533585096534323,0.847,5.737729755873992,0.09333782570336235,3.1828170749711293,0.937,5.228319776281445,0.10126387009550222,4.735999593288325,1.46,8.482788571974138,0.054944628999196776,3.1119800738313694,0.483,4.841237530312355
2004.02.15.12.02.39,0.07726419646050492,3.3621181761248,0.776,5.151156916560251,0.09297081405271763,3.1785821571261264,0.9490000000000001,5.248959095090716,0.09859810583682313,4.947238003960396,1.601,10.324741954827804,0.054909747949902984,3.190048656838924,0.496,4.898948001826974
2004.02.15.12.12.39,0.07699383884898274,3.3984708522721947,0.796,5.545898300220182,0.09239467055238833,3.2255155445680206,0.943,6.266595210940262,0.09857994777598345,4.62243228748047,1.301,6.9791069636538605,0.055215355636334305,3.0837536936546734,0.498,5.034831285539397
2004.02.15.12.22.39,0.07690982601651512,3.4044590198688454,0.7170000000000001,4.9148466402567434,0.09382004883019407,3.2027519344012187,0.891,4.764440069830172,0.10179250973948181,5.1276285747527375,1.748,8.900458416034061,0.0558326251509814,3.1641142301252336,0.542,5.122453032194078
2004.02.15.12.32.39,0.07732355197126632,3.4491927431890046,0.718,4.798020661775403,0.09242809520488413,3.2109924697695162,0.94,5.149949254551412,0.10124067978900886,5.342945161502161,1.496,7.714290358654712,0.05409501144904098,3.1476612132490835,0.454,4.325722349101166
2004.02.15.12.42.39,0.07831285446098951,3.393811964381086,0.754,5.082179710334251,0.09328485964540281,3.1536347197199173,0.889,5.027611144860771,0.10333324145241211,4.75782908656711,1.452,7.935490926969838,0.05578524626791456,3.100907692302051,0.476,4.499397543116434
2004.02.15.12.52.39,0.0783206512617362,3.3138460014873266,0.72,4.8901534120301156,0.09325195362816133,3.106120787699211,0.806,4.632610719584319,0.09824184126430041,4.480287213451316,1.306,7.104915695972837,0.05491145438126389,3.060384234224437,0.469,4.534573028627708
2004.02.15.13.02.39,0.07863466597728622,3.6568070391325245,0.927,6.981653615195362,0.09305884972273594,3.144040024834693,0.823,4.620731948451575,0.0989377667498773,5.1442872997827225,1.6549999999999998,8.510400301723449,0.05639394083144039,3.103529791974947,0.476,4.681353991363846
2004.02.15.13.12.39,0.075895809993763,3.3326513606656682,0.755,5.217679342674421,0.0933584330496414,3.2201012112829437,0.893,4.809420909638164,0.09776152625458034,4.525199720946924,1.463,8.367299809434746,0.055400728539038636,3.102716840900377,0.483,4.494525732175884
2004.02.15.13.22.39,0.07599208397044968,3.3630223685147573,0.718,4.724176272618092,0.09308841563266614,3.1127507255682048,0.852,4.715946630054667,0.09972787852882149,4.49747355327,1.346,7.9115289690232204,0.05478763689236834,3.192424870703866,0.496,4.946371396386126
2004.02.15.13.32.39,0.07671332879267542,3.3933019145314725,0.743,5.096897842312543,0.09350343017813906,3.0854002335150055,0.776,4.384865873036787,0.09972621358389804,4.34223923887075,1.294,6.979107849256369,0.05560718508613006,3.1145241749881634,0.513,4.837504354578378
2004.02.15.13.42.39,0.07887653617511595,3.317191283850154,0.706,4.741587525720861,0.09382236529990463,3.1502499330893627,0.8200000000000001,4.60444584421961,0.10005112047840531,4.949563791329592,1.707,9.005396398278906,0.055368427322262145,3.177707805339111,0.483,4.533269448653451
2004.02.15.13.52.39,0.07698641253392544,3.396028295314413,0.788,5.611379797826421,0.09381363335216461,3.289294221539206,0.9570000000000001,5.28707803201778,0.10020149256038119,4.83898318593474,1.355,7.085722795717395,0.0541618144861996,3.1251201700682207,0.53,4.9112091705822865
2004.02.15.14.02.39,0.07870018792911568,3.398717469202457,0.798,5.336708984459974,0.0935459967910172,3.2903457037095736,0.967,5.2487548034460465,0.10045622394698847,4.321628291435321,1.362,7.436074845837304,0.05515195008026688,3.0791074823382907,0.459,4.242823683649296
2004.02.15.14.12.39,0.07909664714666323,3.5847783239420155,0.781,5.095032653568059,0.09322243932315533,3.2044217942734003,0.891,5.1060667737941,0.10026775238315035,4.748291416751975,1.5110000000000001,7.88887734291055,0.05562966930893869,3.1845096686816055,0.479,4.56590886042148
2004.02.15.14.22.39,0.07852285259022529,3.3972197475329144,0.7989999999999999,5.259615339692985,0.0925244082028156,3.169557405415411,0.903,5.403979444040201,0.09794838653995915,4.308824626342594,1.341,7.554999384273764,0.05593204014904494,3.1450767894257656,0.498,4.541225374993534
2004.02.15.14.32.39,0.07765788699230347,3.489032308006886,0.769,5.060657908950697,0.09294906041499962,3.1791280389530256,0.857,4.679982756768158,0.09614868704008002,3.933464270464011,1.1059999999999999,5.886715850462527,0.05557268827077402,3.11578821929904,0.476,4.696551635729692
2004.02.15.14.42.39,0.07734418592048871,3.4460425802924233,0.845,5.559564625090865,0.09336764790751265,3.148268631019506,0.8520000000000001,4.862497986987094,0.09807343639223239,4.2486175947363725,1.311,6.974365589316438,0.05513228011380334,3.160337471431363,0.637,6.7292700253678355
2004.02.15.14.52.39,0.07948663378941062,3.425619732051573,0.9890000000000001,6.81875648975094,0.09438923164631255,3.2317270873478683,0.887,5.0747314248183395,0.09949737649650617,4.450463067295762,1.392,7.216270672475594,0.05631866338704359,3.0755936756912963,0.474,4.510050216469343
2004.02.15.15.02.39,0.07879434639260294,3.439388905842216,0.8009999999999999,5.203419011271728,0.09277074897420186,3.2337061954329305,1.109,6.898726237275225,0.1009284131455465,4.494671427702502,1.4140000000000001,7.936318178756033,0.056138648900651546,3.138942811454477,0.503,4.560138247235745
2004.02.15.15.12.39,0.07817851729475464,3.3073003909672294,0.742,5.154868804694498,0.09412848158194137,3.2605132350056683,0.989,5.449997613670415,0.09901396163980802,4.474712412975822,1.333,7.1303075678183605,0.0557816662274387,3.1181645904367468,0.484,4.338342978377392
2004.02.15.15.22.39,0.07934480601896698,3.3604415941491075,0.847,5.3563682529944785,0.09453038997542668,3.1789458973336377,0.876,4.85558136509664,0.10368312250592246,4.589416836015171,1.6400000000000001,8.448819622981187,0.05673549167518512,3.1096437245248456,0.491,4.353535903312396
2004.02.15.15.32.39,0.0779101486313922,3.39722906930377,0.764,4.980095748959512,0.0944202693062214,3.099847456961874,0.8180000000000001,4.6070616319597555,0.101081249468636,4.21504421383808,1.2160000000000002,6.7173684889073675,0.055704752342989106,3.266619248884572,0.5840000000000001,5.654813759164757
2004.02.15.15.42.39,0.07741225186158357,3.4460789635914915,0.73,4.921701550308139,0.09235136072698116,3.1414606321327336,0.796,4.331284312989412,0.09883286722812026,4.2869179236684225,1.389,7.163608826260556,0.05555574647862159,3.1257873171973696,0.515,4.787983545543025
2004.02.15.15.52.39,0.07717606759971805,3.280075909188402,0.735,4.807189735608599,0.09291515734713982,3.1295671908636398,0.794,4.283477651692871,0.09807929742807284,3.8550665562019057,1.1960000000000002,6.841403003443033,0.05437099617083887,3.0445009287482594,0.454,4.211804383360204
2004.02.15.16.02.39,0.07613608261640387,3.417353039689537,0.71,4.872853806639985,0.09190309041236724,3.2180168554659194,0.9450000000000001,6.0280889088083285,0.09696808985031494,4.231131027181233,1.284,6.692923424621756,0.055018815584846746,3.143811205649122,0.501,4.798358474163714
2004.02.15.16.12.39,0.0773241989178113,3.3020741693814584,0.74,5.1212945693871665,0.09339404141944095,3.141857793618279,0.893,4.861123826530277,0.10095051701088818,4.293623764417645,1.504,7.498723358874453,0.05476358457325908,3.1402922397215804,0.45899999999999996,4.510296430095437
2004.02.15.16.22.39,0.07663857285733715,3.373996402556179,0.708,4.645180445396533,0.09126526493680044,3.122106631568212,0.8440000000000001,4.86493958361335,0.09948860988120073,4.752590116993241,1.5430000000000001,7.930556080159772,0.05493931399877732,3.100058501094377,0.469,4.495869751950252
2004.02.15.16.32.39,0.07806556426631879,3.3386926978437446,0.725,4.816464257111946,0.09342273738939641,3.2568576802751403,0.9159999999999999,5.2021597052364,0.10092476893396883,4.372176639956005,1.504,9.264326387625761,0.05604512080820461,3.2016027221022467,0.496,4.710490336945661
2004.02.15.16.42.39,0.07578872289185327,3.4080605046318513,0.745,5.251440911175218,0.09186564232744675,3.1194137112868643,0.803,4.408612292247566,0.09878798962693416,5.178945672277532,1.651,8.999069657731122,0.053895436868387804,3.095951796847283,0.476,4.935482769154831
2004.02.15.16.52.39,0.07693434701094173,3.468162355143447,0.761,5.199238253664665,0.09314724592723139,3.073580564919938,0.798,5.002831756980224,0.10061411164886676,4.757332828163517,1.728,10.336522213002253,0.05523404481867366,3.1704951150511484,0.498,4.8158703725798855
2004.02.15.17.02.39,0.07732904689791945,3.411292130126036,0.749,4.888201977957783,0.09357055534795655,3.142706306661186,0.774,4.413781648128471,0.09773093718973729,3.955469593461552,1.113,5.996054236769723,0.05607761649950562,3.1576438060610728,0.478,4.44027431162655
2004.02.15.17.12.39,0.07843469958895345,3.373342137133284,0.754,4.819295566642759,0.09317686186972936,3.154683909442118,0.916,4.979777067923996,0.09916209849203349,5.540314977997876,1.509,8.914696375359776,0.05460017715816612,3.0607041059558604,0.439,4.065920873423342
2004.02.15.17.22.39,0.07572220509038284,3.2559677197295893,0.671,4.608951886483362,0.09108039165561721,3.2136012084034977,0.864,5.577490289246797,0.0990599435297102,4.8562423781875665,1.438,7.389465145217425,0.05606501353061016,3.119062591837464,0.515,4.619636805377604
2004.02.15.17.32.39,0.0784842490169206,3.3059077768184095,0.845,5.848307217681897,0.09381010208877426,3.13177654470522,0.752,4.2959126045789136,0.09848630461777731,4.49570875671782,1.3719999999999999,8.25495487068208,0.05474851997500138,3.111982499541719,0.488,4.675925488339989
2004.02.15.17.42.39,0.07769689014549584,3.322127167247234,0.806,5.315528063306173,0.09241826678290525,3.1976927856186603,0.9139999999999999,5.182958052277619,0.10042233983477294,4.964232956863527,1.621,8.484167978975735,0.05492633472291547,3.1816164471143917,0.46799999999999997,4.66078796794711
2004.02.15.17.52.39,0.07684735275206298,3.354398944665071,0.742,4.827752508235106,0.0932031043063682,3.2120572678128654,0.9870000000000001,5.686505872785475,0.09994857662193095,4.8692045454541155,1.875,9.404836284519364,0.05471727403777531,2.9681893020018384,0.41300000000000003,3.837910489748114
2004.02.15.18.02.39,0.07749397185477155,3.3096160191130584,0.6519999999999999,4.439054958296331,0.09169993285464759,3.14296552859085,0.815,4.9509305608721625,0.09803910551885661,4.041236352393273,1.2109999999999999,7.3746082869038405,0.05593840868675341,3.2697062756243653,0.5760000000000001,5.809961484960193
2004.02.15.18.12.39,0.0768944284392569,3.3490666820212756,0.7150000000000001,4.889821117495176,0.0930198908710188,3.20929508254772,0.896,5.009681215882684,0.10000683277437847,4.264344686908234,1.255,6.669544285086928,0.054310091017490715,3.092615269827722,0.469,4.768911175578555
2004.02.15.18.22.39,0.07756135172397398,3.4112223149714023,0.742,4.938026368635551,0.09334155713862127,3.3104059847443277,1.057,5.806631222094114,0.10242379384167467,5.542129054108285,1.689,8.913944365420628,0.054546562141039194,3.1222239887696035,0.471,4.3449117725732584
2004.02.15.18.32.39,0.0757864766238839,3.406459791666398,0.712,4.987697236222674,0.09152398454008517,3.107923059841198,0.783,5.0915615435853745,0.09925786236962542,4.90444836545481,1.662,8.603852426519095,0.0545453876730769,3.0332104406834577,0.42,3.8500047200811087
2004.02.15.18.42.39,0.07666461430110699,3.3700231720140432,0.748,5.165355667800992,0.09237841195914634,3.1483063176396984,0.8160000000000001,4.600641978863558,0.09938784532742485,4.313896542880621,1.406,8.351121782202192,0.054769693589954475,2.9882537625377976,0.45499999999999996,4.509793351213913
2004.02.15.18.52.39,0.07681094129826167,3.532578800373201,0.774,5.272686327685529,0.09369073230748333,3.1937005328185593,0.962,5.390074210783646,0.09808726259807832,5.199784682839394,1.672,8.533218053292865,0.05534738968480695,3.1997445595295817,0.493,4.534992552122117
2004.02.15.19.02.39,0.07548862542369794,3.4047138169573614,0.777,5.179588286386447,0.09251451321954843,3.2819338766177917,1.032,5.934204060471624,0.09890647684610637,4.6636273905289025,1.267,7.380709770259476,0.05590771073063737,3.169046911036608,0.483,4.668407927798987
2004.02.15.19.12.39,0.07672604153231645,3.369564313302212,0.842,6.425458555585094,0.09145214526213628,3.185770904549406,1.0550000000000002,6.0359436994917965,0.10025409879985893,5.377966707366705,1.904,9.815060050206991,0.05494174827146475,3.115495759746571,0.46399999999999997,4.404665079172375
2004.02.15.19.22.39,0.07659261588817652,3.4330988391266692,0.833,5.966632614653214,0.09314412293171669,3.1834145885970844,1.004,5.6901067219081485,0.09922315541400858,4.731352570531447,1.6059999999999999,10.158919012342636,0.055003148436163406,3.2181566136518005,0.5449999999999999,5.290606233891034
2004.02.15.19.32.39,0.0761245009733233,3.2680942154490045,0.798,6.055868926635731,0.09147689177336331,3.181232773019646,0.866,4.799026196557218,0.0987630049783002,4.800390340020108,1.7610000000000001,10.115123575062302,0.055337270671678644,3.085638905921021,0.469,4.282827778155952
2004.02.15.19.42.39,0.0758757143191252,3.3259681516945,0.657,4.573268312711427,0.09218072697576891,3.2914941535586926,0.837,4.870866337580809,0.09887385848938093,4.288565050697377,1.2690000000000001,6.786424746153358,0.05586640252996988,3.1717570546663945,0.508,4.815058565041722
2004.02.15.19.52.39,0.07866708215291275,3.4937747918699102,0.7769999999999999,5.186413285380679,0.0936504674766429,3.175290612944859,0.806,4.484761382582003,0.10045953058399312,5.213431890943672,1.8769999999999998,10.302656144054422,0.05573660415713134,3.243609781674342,0.507,4.593031884007335
2004.02.15.20.02.39,0.07488942304220102,3.2925770801537833,0.625,4.272966555232726,0.09194637294666318,3.1241798526151237,0.827,4.5896318307715775,0.09784829042682924,4.708520536175458,1.435,7.409429401754888,0.054709724501939554,3.0743332876440412,0.486,4.8620241176789305
2004.02.15.20.12.39,0.07551084326884368,3.4815318552370473,0.76,5.403197505653386,0.09201408344777649,3.1239743924110046,0.872,5.042706318575111,0.09797741762893313,4.4417735958423865,1.424,8.50195912648765,0.054008376086492366,3.175955971420051,0.478,4.517817747551662
2004.02.15.20.22.39,0.07746565172555915,3.4419314838847854,0.745,4.853764108666782,0.09217530321858182,3.2251038363775297,0.7909999999999999,4.44804612172241,0.09904450521695726,4.772242787278056,1.362,7.612739327117248,0.055693600605792225,3.1320767195381305,0.472,4.434979913550635
2004.02.15.20.32.39,0.07787997670444165,3.521811344975156,0.788,5.136108367340937,0.0920068691177118,3.2284831042619735,0.864,4.771382878362614,0.09853542648934696,4.956425538883734,1.568,8.453812295520523,0.056080027047013356,3.2161668261945757,0.506,4.618400055029815
2004.02.15.20.42.39,0.07812252964844313,3.4536244074601785,0.783,5.683379711307752,0.09262492856989486,3.2437065394716265,1.02,5.873148928687131,0.0980529470231358,4.676941650250509,1.597,8.893154428028051,0.05555871445554806,3.1464604625948973,0.527,5.3636950192291915
2004.02.15.20.52.39,0.07611407711044653,3.42367773734861,0.8200000000000001,5.452342270376709,0.09230431555415962,3.2211077355322635,0.8600000000000001,5.026850556383224,0.09582488708250586,4.73543983263823,1.384,8.379868992786934,0.05450268682453875,3.224862594623685,0.51,5.155709128700887
2004.02.15.21.02.39,0.077470789606067,3.298302535716179,0.786,5.266501117061651,0.091721704860835,3.0999321145459615,0.835,5.222318978117165,0.09748541732893631,5.380345764082182,1.629,9.016733210815204,0.054843531427627136,3.17360671949208,0.532,4.850161779808437
2004.02.15.21.12.39,0.07693442285428465,3.399239422862476,0.7350000000000001,5.108246548418904,0.09185301900106155,3.1446492519880254,0.776,4.572522542728247,0.09973017797255503,4.56276941288021,1.3359999999999999,7.1492903601978135,0.0560988681509039,3.1990257947915035,0.513,4.830756999785093
2004.02.15.21.22.39,0.07845103780085545,3.422214133298178,0.737,5.009493959756319,0.09336539311147024,3.183566963826289,0.9059999999999999,5.130380583607839,0.09983659060794668,4.317258751139728,1.5110000000000001,7.922946839262747,0.05647240623539629,3.0935312956748806,0.493,4.497771866515501
2004.02.15.21.32.39,0.07712598352036994,3.4764364473694425,0.756,4.901072021988095,0.09329416472574799,3.0932117224345284,0.892,5.552330111135436,0.09867469364541055,3.947223555508119,1.1640000000000001,6.455555892466938,0.054627688274096635,3.0679321941231157,0.45399999999999996,4.466599406068954
2004.02.15.21.42.39,0.07664916109445931,3.364938713059706,0.706,5.035932481039281,0.09175464161453904,3.082562337713118,0.769,4.413945636684014,0.10026710104882047,4.127973705549982,1.379,7.719381451181442,0.0541728056417032,3.1474349436712368,0.508,5.500915015754588
2004.02.15.21.52.39,0.07609715052720026,3.404698333617026,0.738,5.13816873944893,0.09097526170441886,3.221416533389275,0.935,5.309135593028359,0.09769822223025927,5.116277049278082,1.5579999999999998,10.000181965413509,0.05536178506961052,3.1478021154586564,0.512,4.714443359653688
2004.02.15.22.02.39,0.07746998977930906,3.416425937318185,0.825,5.576352872004379,0.09242665588860176,3.144912029253032,0.791,4.327755842233483,0.09777709897508913,4.672217395577691,1.365,7.517097640494094,0.05492334279688715,3.0441297760410397,0.43200000000000005,4.260483577362707
2004.02.15.22.12.39,0.07800517279271853,3.5485896012354474,0.931,6.640585251653378,0.09218471500030523,3.16840468050522,0.8420000000000001,5.000829041978094,0.09988879216799676,4.551875856610648,1.518,7.988884264992347,0.05516254124885156,3.1476125325989726,0.46599999999999997,4.513932722510024
2004.02.15.22.22.39,0.07763653012948786,3.377943661809971,0.756,5.152213775304626,0.09378911033162045,3.0766473456743806,0.784,4.893958353769039,0.09991370812989389,4.761175122403141,1.452,8.81760887960085,0.05510428722615986,3.11737544548997,0.488,4.645736527710101
2004.02.15.22.32.39,0.0791884014846082,3.3224069468935795,0.786,5.2406664640233105,0.09391152127468173,3.221932647612467,0.952,5.696851597528475,0.10013236649711471,4.87083602381965,1.563,8.558671186750532,0.056301456932608546,3.1800771365952802,0.476,4.29829018971335
2004.02.15.22.42.39,0.07754853035710525,3.2677201212044107,0.7250000000000001,5.0420039967163,0.09343051552072669,3.0849439620502674,0.735,3.9708653851716904,0.0993458614906152,3.9054034323123576,1.2850000000000001,7.27760562092764,0.05545708019847984,3.088716332173158,0.49,4.52602263050409
2004.02.15.22.52.39,0.07856042875899338,3.3885134945276123,0.8300000000000001,5.778990863107112,0.09291271131458885,3.1669422709341366,0.776,4.3051159990978904,0.0984372361107574,4.377376549700779,1.252,7.487004197992301,0.055709211623982124,3.0991145689185693,0.498,4.595290303655907
2004.02.15.23.02.39,0.0789819683115037,3.4070034550620174,0.7909999999999999,5.596214040358663,0.0940320977134437,3.1787589108439542,0.793,4.253866602221002,0.10033628660736976,4.649172273604819,1.516,7.564561393128645,0.05542731374850309,3.116420610199079,0.503,4.582578205981698
2004.02.15.23.12.39,0.0790762796786274,3.3474743632273807,0.718,4.944592760168494,0.09335233943155227,3.2075638367096326,0.862,5.131097976941563,0.09911963479529738,4.027964660119797,1.193,6.154179252776472,0.05538307776509333,3.318284707694167,0.53,4.802911118956513
2004.02.15.23.22.39,0.07822047728316575,3.545918411380272,0.855,5.842459875891776,0.09353178014174848,3.0952340137701637,0.745,3.998640883699623,0.09840601207695912,4.447449848286639,1.436,7.347112079235288,0.05526893676463977,3.038339480771856,0.513,4.993763516300907
2004.02.15.23.32.39,0.0778155094799552,3.4326999130832228,0.789,5.1789161658552185,0.09283142615321939,3.1367027062292485,0.8420000000000001,4.965990711368733,0.0986023998285697,4.324106405017415,1.287,6.784824721945151,0.05505578004184143,3.116375611019182,0.493,4.5590126923866015
2004.02.15.23.42.39,0.077529087283419,3.30299900081291,0.6930000000000001,4.720808832200398,0.09196958991291632,3.053420771645599,0.7809999999999999,4.642839012376977,0.1020652417535899,4.270942488442002,1.391,7.005323141507687,0.054667947397503865,3.1460577981878317,0.459,4.737693883341702
2004.02.15.23.52.39,0.08153544630347129,3.5666889213621578,0.8959999999999999,5.9238039637668205,0.09374747574726679,3.174059646142038,0.8300000000000001,4.554789306019786,0.10047335623188866,4.348846073686978,1.4209999999999998,7.2158433557920345,0.0559614085602469,3.1751888520180294,0.518,4.931970211272722
2004.02.16.00.02.39,0.07680178169726923,3.3561730038030797,0.862,6.171731820862869,0.092942016114215,3.24894003277125,0.9570000000000001,5.304382459211558,0.09915234022586468,4.080191727582892,1.228,6.525312448764824,0.055627657503231925,3.090744119673915,0.488,4.602027327595569
2004.02.16.00.12.39,0.07831487270697295,3.3889919623720544,0.723,4.7755935376333705,0.09129114253353457,3.144021356864011,0.787,4.3377702262246824,0.09895877801435177,4.902644976732503,1.448,8.660171610806584,0.05561291345162672,3.0727319403623072,0.439,4.20765583884646
2004.02.16.00.22.39,0.07714297013854778,3.3527962049313578,0.6930000000000001,4.679622775110275,0.09269065576429819,3.2273541581982923,0.9059999999999999,5.081418359987651,0.09995281748233138,4.907774999211053,1.611,8.253894395181355,0.05609026364513943,3.144083917642334,0.481,4.403616313210254
2004.02.16.00.32.39,0.07835456303769503,3.4422175697993738,0.786,5.385774403425402,0.09190654672044928,3.1542288177478577,0.744,4.167276583298959,0.09869106429598883,4.041053454383778,1.1669999999999998,6.109975652826233,0.05503741802458124,3.158335034298498,0.494,4.8875839320779395
2004.02.16.00.42.39,0.07742108696622162,3.283915236190496,0.72,4.882390764739835,0.09365008973108688,3.247643106408186,0.833,5.136140300358233,0.10123373205537459,5.783550446592874,1.843,10.12508359801778,0.05499906471150782,3.0949169244844805,0.471,4.527349715965262
2004.02.16.00.52.39,0.0755716893063095,3.3718072446196725,0.761,5.292987409328746,0.09178688562668894,3.0614647912692714,0.833,5.000714392542111,0.09981447732073989,4.668858201748849,1.49,8.906523621251079,0.05405897387344676,3.060970865489054,0.444,4.23611444301725
2004.02.16.01.02.39,0.07788295128949917,3.3312873267996865,0.718,4.609481202960055,0.09257087207875853,3.2074581752901596,0.9550000000000001,5.908986139123946,0.09898054895920524,4.778889033792839,1.45,7.476216365550674,0.05501141305589459,3.135259942617847,0.483,4.526333467329815
2004.02.16.01.12.39,0.0790382315149803,3.473114398534113,0.8300000000000001,5.528969862099893,0.0928039226886787,3.173168918232373,0.911,5.7109654920293105,0.10031674226816217,4.184161396144858,1.24,6.8582769380695146,0.05549845551412332,3.1232020173672614,0.496,4.756889134199724
2004.02.16.01.22.39,0.07650243562299176,3.4433637639149004,0.796,5.202448742434372,0.0917439528299243,3.0690577399583936,0.787,4.981254741085665,0.09898859427668927,4.6679211123410305,1.521,7.748367431667025,0.05432284945265896,3.050195234382483,0.422,3.902593515179148
2004.02.16.01.32.39,0.07822062241816012,3.320197487106132,0.7230000000000001,4.998681778697064,0.09221435519856712,3.186930752314405,0.735,4.13167775428874,0.0999469300096775,4.891887378180032,1.49,7.453955813628936,0.05555131750870653,3.0904197820116384,0.483,4.57234880091171
2004.02.16.01.42.39,0.0796214999353386,3.3700720103720125,0.774,5.08656581864075,0.09341923577765582,3.2162390662515676,0.7909999999999999,4.677837453520707,0.10255333168573194,4.803911526537498,1.53,7.566794634990523,0.056601823347397565,3.177814248279211,0.503,4.752497076798995
2004.02.16.01.52.39,0.07955654282244407,3.375578519017863,0.806,5.342112476512758,0.0928768035343897,3.1046672839799676,0.821,5.286572979637443,0.09921035249896429,4.878038526544395,1.552,8.829723692486075,0.055606077803346955,3.1007953326099127,0.46399999999999997,4.298091313781072
2004.02.16.02.02.39,0.080108293097824,3.5260048179163546,0.891,6.2165848346296535,0.09402939461030924,3.2647331876532513,0.896,5.2749462235250775,0.09975540643634936,4.875091772313241,1.474,7.608610170760949,0.05683053894034439,3.1480670485644726,0.489,4.346254753263531
2004.02.16.02.12.39,0.07790080048880675,3.3387606415850897,0.765,5.019203879120359,0.0925941789877845,3.166778263972206,0.796,4.481923210904531,0.09936835546772109,4.739871322447223,1.609,8.725111690930994,0.055209401178745135,3.163266901932618,0.5269999999999999,5.125938589403703
2004.02.16.02.22.39,0.07848352017750684,3.2777135623768947,0.77,5.045645239973481,0.09201563800093301,3.116469743949626,0.798,4.401425766301739,0.09977380986393987,5.018707243082359,1.623,8.829972526872606,0.05600597589487662,3.175312610641954,0.46399999999999997,4.2674017581374475
2004.02.16.02.32.39,0.07816136965938641,3.3701884936016033,0.8260000000000001,5.565409125961507,0.09295412253625104,3.152181136075839,0.854,5.432787553914629,0.09971210927629665,4.454883653426834,1.409,7.521654144551212,0.05535530873437637,3.089253334559969,0.468,4.227236833288276
2004.02.16.02.42.39,0.0778284258300751,3.458982255928821,0.764,5.113812797254362,0.09093022280805142,3.1875220017560717,0.857,4.728900762815744,0.09940935112853758,5.148852572255282,1.823,9.526266787271519,0.05485581998592424,3.132414212408477,0.46599999999999997,4.63031999275875
2004.02.16.02.52.39,0.07946396957701962,3.330437393168955,0.713,4.580692380931169,0.09381133462384089,3.1670021931261783,0.8029999999999999,4.604987251617386,0.09983015287891793,4.3273999136932195,1.3940000000000001,8.51446156784863,0.05643000235704076,3.112733178260388,0.517,4.713804516912469
2004.02.16.03.02.39,0.07711978716429153,3.3937705929486977,0.774,5.160802624521303,0.09198609275192433,3.147023528497435,0.9590000000000001,5.8378390029917435,0.09901232266269941,4.817146476069485,1.553,8.261597930458029,0.055666336028131716,3.21885479768273,0.522,4.904220745946632
2004.02.16.03.12.39,0.08226511158434281,3.5003740741636844,0.853,5.555210358299435,0.09309538119584666,3.130535318764699,0.781,4.35037694456606,0.10044532726578798,4.617052687039054,1.321,7.028699285650752,0.05635701928816742,3.108246738968497,0.449,4.0633802655365105
2004.02.16.03.22.39,0.08432588993239636,3.4508448020711775,0.813,5.099264298837864,0.09414325852125578,3.2608110799337586,1.0110000000000001,5.396031622225006,0.10005776334627602,4.676534653182663,1.506,8.635012128043503,0.05645067589138105,3.146723231462774,0.44999999999999996,4.286928299417382
2004.02.16.03.32.39,0.0842800498732685,3.3783765120451266,0.764,4.746081671777343,0.09284881470744862,3.1125536236353963,0.8029999999999999,4.415780656886604,0.0986299104152266,5.263792354384579,1.6840000000000002,9.327799205401785,0.055576856799559565,3.0975499220431115,0.476,4.300351149075671
2004.02.16.03.42.39,0.08309850817281184,3.2911308678170452,0.747,5.054242359279989,0.09226838744806168,3.37803603037554,0.9890000000000001,5.928357643704448,0.09790122074538958,4.107893486646073,1.167,6.312485128323624,0.056721935172272635,3.2932817766567024,0.5980000000000001,5.764965511258637
2004.02.16.03.52.39,0.0826680884126207,3.2089792134326838,0.749,4.753950497057844,0.09346711199877006,3.0954720943568423,0.762,4.365171783689742,0.09789384297384336,4.498102200425502,1.342,7.702220865938057,0.055905736005882035,3.075225890287723,0.435,4.024631747560339
2004.02.16.04.02.39,0.08427124871137842,3.398055769864822,0.83,4.983906212645108,0.0917120504367474,3.1578116554512965,0.891,5.593594272039631,0.10069185521695015,6.300239014685106,2.1310000000000002,12.751776171305021,0.055940463870501424,3.1199902567496274,0.51,4.6656745751018125
2004.02.16.04.12.39,0.08598723191692109,3.470312906572136,0.889,5.535705585451342,0.09521701646559493,3.236748029441453,0.9299999999999999,5.356185469057204,0.10269132938500394,4.595810167789238,1.55,8.57910794685508,0.05772255545454589,3.107128351933373,0.512,4.7295203382839865
2004.02.16.04.22.39,0.08444288039158852,3.4865130026451254,0.986,6.098797170487092,0.0937404062799562,3.2251067640293556,0.833,4.533797290474029,0.10091138473115595,4.711095870437382,1.702,9.146638929383633,0.05734556110900172,3.1180671880161053,0.479,4.220030204953605
2004.02.16.04.32.39,0.08268255902187746,3.2659585589330398,0.762,4.7531184889429205,0.09306176754245,3.18618198555216,0.7669999999999999,4.384184942692941,0.10163316820264066,4.740752154104246,1.565,8.16662527281556,0.05573651479982625,3.0930287768278033,0.46799999999999997,4.288032735063389
2004.02.16.04.42.39,0.0836379520986137,3.3818054415969727,0.796,4.782517863760918,0.09343127200188717,3.1584689866699773,0.771,4.206300434313492,0.09906503299206411,4.545589197681395,1.492,8.87295924153596,0.05596298825730717,3.1072717961025234,0.462,4.628058795023013
2004.02.16.04.52.39,0.0838157123265829,3.3876737074060976,0.81,5.297336116049228,0.09345073145237749,3.224334174823617,0.9179999999999999,5.093593090200366,0.0992093588075238,4.422963683664317,1.421,7.852081793123357,0.05597826639503719,3.0990207444008973,0.485,4.573203432085848
2004.02.16.05.02.39,0.08551655227434408,3.394601507815009,0.794,4.911329898481006,0.09238883020834081,3.0619493665980944,0.7989999999999999,4.416118258884135,0.09991826860184591,4.393093038734791,1.3639999999999999,7.155848575090211,0.05613321687832771,3.082943813789134,0.469,4.524950005102345
2004.02.16.05.12.39,0.08430120065361243,3.365869739574191,0.776,4.863513174440545,0.09255914045852995,3.2100491829558195,0.83,4.505227662381243,0.09755535638084538,4.126877112944782,1.218,6.908897932459784,0.055406098861186984,3.0824750429764287,0.474,4.367750211150953
2004.02.16.05.22.39,0.08697885681706287,3.4364173780138687,0.781,4.575824683889422,0.09305298442369407,3.149975751620303,0.828,4.459824717823113,0.09824955818523434,5.000072697170698,1.855,9.81174895649431,0.055988141357400406,3.0263992964106103,0.45199999999999996,4.233039251778516
2004.02.16.05.32.39,0.0847858305411162,3.4287637975372536,0.889,6.10951142064711,0.09183066585518287,3.150638001998217,0.827,5.07455756375417,0.09906807875655824,4.349586501880784,1.318,7.0456600023021325,0.05609140924781843,3.1112875740300887,0.488,4.920539592446317
2004.02.16.05.42.39,0.085168471600044,3.3289489991173604,0.7869999999999999,4.849212299352647,0.09335742257372669,3.1328399665387123,0.81,4.627377107147948,0.10046058335782124,4.438257796789748,1.491,7.993184721413261,0.05604524974992305,3.0786652514433603,0.461,4.1395122875747115
2004.02.16.05.52.39,0.08699169910336632,3.4340085155916307,0.784,4.632625918952825,0.09299110104223347,3.174697613332727,0.867,4.67786696925373,0.0986342040124615,4.273267731128674,1.3820000000000001,7.401083704267248,0.05580558424048506,3.1088353058725295,0.46099999999999997,4.372322292129795
2004.02.16.06.02.39,0.08695528664204379,3.3166941879681913,0.777,4.554064684188274,0.09461645927234001,3.145537498610801,0.882,4.724336584117718,0.09924657951245411,4.417704606819466,1.44,8.21186991031493,0.055955996418223575,3.087271543970232,0.491,4.628637082327957
2004.02.16.06.12.39,0.08790080163305894,3.430147194240349,0.833,5.335559986788699,0.09379703585693354,3.16919941312571,0.855,4.94685141977971,0.10187933824160261,4.696370229907702,1.462,8.215601067363524,0.057546748998640235,3.1690546666138366,0.552,5.473810518947701
2004.02.16.06.22.39,0.08565032244174565,3.4363586459691815,0.752,4.623450195057188,0.09396673644749907,3.1621465692437174,0.903,4.90599139044878,0.10031081603921445,5.111452301321781,1.6280000000000001,9.540347071106275,0.05665480469061075,3.194964407542758,0.495,4.695100467694022
2004.02.16.06.32.39,0.08544638075644281,3.4780069177953763,0.937,6.226126786065029,0.09204713360386352,3.094380121032556,0.845,4.801887714420341,0.09866735045050047,4.172099969923342,1.33,7.692514256585575,0.057371240004792476,3.21184117118314,0.5640000000000001,4.9327851372283344
2004.02.16.06.42.39,0.08661301154867697,3.486223323838919,0.833,5.103159353275618,0.09297210183033403,3.173428441385161,0.9259999999999999,5.334933708448979,0.09964210271171771,4.639409186424938,1.655,8.550602374028449,0.05561270448728982,3.096348188974347,0.46199999999999997,4.261616157404571
2004.02.16.06.52.39,0.08760435629686174,3.44438450227452,0.8280000000000001,4.965506492918355,0.09304581968335211,3.0999373921010793,0.8280000000000001,4.986790396162414,0.10292608230166322,5.093835701742498,1.682,9.443670430894201,0.05591850279717908,3.197270890916249,0.5,4.97152080427347
2004.02.16.07.02.39,0.08819957754159384,3.465482155425186,0.839,4.977348103430234,0.09193883278903085,3.1294007655130867,0.818,5.155601671468604,0.09908280967871332,4.485866546615985,1.3719999999999999,7.367574681895918,0.05626581722058251,3.1619432176351854,0.489,4.389876699589556
2004.02.16.07.12.39,0.08605389220297506,3.492734963417967,0.794,4.6831118231055155,0.0912818164780437,3.105176729359767,0.8009999999999999,4.5463600091681045,0.09842002027344335,4.750341593662157,1.404,8.260514453677384,0.05470005302356891,3.0086714986872902,0.457,4.241312159241178
2004.02.16.07.22.39,0.08917826412847893,3.4000941939036653,0.864,5.584320404381638,0.09305815685172701,3.191120263795762,0.969,6.243407559916845,0.10019771786830091,5.13433130985808,1.587,8.503187678584277,0.056611615847175084,3.118114515283292,0.45899999999999996,4.274741082347604
2004.02.16.07.32.39,0.08561711642539709,3.4048794403025244,0.762,4.648603183766407,0.09239715857162153,3.306282343333853,0.85,4.653822765195599,0.09603662250062799,4.448200374892418,1.17,6.7890767399252985,0.05588000536864684,3.1346965855250315,0.449,4.18754433640933
2004.02.16.07.42.39,0.08827365730623576,3.36593945327137,0.777,4.486049542800874,0.0935309660035782,3.1557262159985475,0.942,5.613114270410883,0.09894025481793292,5.069027350409196,1.611,9.965610072608055,0.055907535619650596,3.1290269717933876,0.444,4.0602755511229
2004.02.16.07.52.39,0.08883351291927008,3.377094505193454,0.842,5.358338135660335,0.09272338261514057,3.214119873269611,0.908,5.478661214383371,0.09970987895357962,4.772842063400287,1.6840000000000002,9.00612867475316,0.0565452775057575,3.2066732758184306,0.525,4.792619506950098
2004.02.16.08.02.39,0.08730537730432188,3.37620336380365,0.8300000000000001,5.177229787627579,0.0930680847992647,3.115517346779152,0.886,4.8029354097499555,0.09936554642533925,4.824616977168126,1.67,10.003467356231633,0.055904494015882794,3.1276310430977015,0.525,4.758114793498137
2004.02.16.08.12.39,0.08747885570417858,3.439604945247291,0.879,5.304138883218568,0.09276633137258433,3.113280305095528,0.835,4.689201282013375,0.09943073810290005,4.489196850085652,1.616,8.498378027984831,0.05652043929936983,3.188451579790047,0.525,4.794725648974591
2004.02.16.08.22.39,0.08891707562606085,3.4402469914533116,0.86,5.3870417647834685,0.09365815944208025,3.1079942434749466,0.9450000000000001,5.71226258541684,0.09817416065499363,4.5754641873228845,1.443,8.209899576656099,0.05581695373467411,3.0368330168373423,0.44199999999999995,4.246021757593213
2004.02.16.08.32.39,0.08606533531776527,3.3213036143632086,0.734,4.647631924318241,0.0926375858626137,3.2556454589844375,0.989,6.325726156865401,0.09962304930649835,4.368123343196808,1.236,7.478189085619608,0.0555271123423335,3.119864212947312,0.469,4.574341961707814
2004.02.16.08.42.39,0.08849752380010414,3.541208593638069,0.896,5.18658579687243,0.09320813953400543,3.225537705540869,0.991,6.490849436805632,0.0990893528766619,4.544070072550559,1.384,7.4377314878355865,0.05566831266668903,3.037413967533325,0.41300000000000003,3.772343545912079
2004.02.16.08.52.39,0.08784936420382122,3.576038135326577,1.057,6.306249396576765,0.09390425174662619,3.2004517010711973,0.845,5.303274247301505,0.10005354913901106,4.653910679594832,1.5699999999999998,8.565413294927827,0.056636509333230674,3.0471190132999944,0.46399999999999997,4.272862202296953
2004.02.16.09.02.39,0.08692632195841919,3.466766194898565,0.792,4.555582142189621,0.09169913919392184,3.0632226215807106,0.762,4.2312283780491375,0.09877137550495399,4.305534721663436,1.302,6.702346672966974,0.055533251669748505,3.0852190728701117,0.432,3.907568771417896
2004.02.16.09.12.39,0.08674333435306428,3.4479858328976833,0.8939999999999999,5.545094658711471,0.0912041563994276,3.1315313854105846,0.818,5.164238326346232,0.09858925678152958,4.805859013511427,1.6,9.90980185767095,0.05634834718488867,3.158052236390409,0.54,5.164304092987478
2004.02.16.09.22.39,0.08853620513180258,3.442394837368922,0.94,5.703881245510961,0.0936110316369851,3.1079503161833424,0.7929999999999999,4.6148407131678235,0.0993414568487302,4.725185078693536,1.396,7.147066517064827,0.056298044586102186,3.109321639198555,0.488,4.4584141748674915
2004.02.16.09.32.39,0.08814084160583206,3.4220735793980936,0.835,5.230265466054919,0.09275428256201301,3.1012949225376953,0.766,4.183095262912455,0.1014253304468366,4.504549459644732,1.3940000000000001,7.246710429849275,0.0553787875221359,3.1128537980614617,0.483,4.803283204668846
2004.02.16.09.42.39,0.0899870048126742,3.418621701128957,0.725,4.100592088470404,0.09353485913308938,3.0879387870827335,0.743,4.233715682797334,0.09964296394463522,4.314747553267721,1.3599999999999999,7.426515337411756,0.05578468564349673,3.074087926673633,0.493,4.732481629226078
2004.02.16.09.52.39,0.08840501059576601,3.5602555996498157,0.8300000000000001,5.056274491543449,0.09265233945162624,3.066344867920669,0.784,4.694970494804542,0.09737317221888557,4.569475020456665,1.374,7.794754784139523,0.0556516167007415,3.215077784571689,0.515,4.7437974968386225
2004.02.16.10.02.39,0.08764679009783032,3.413727953995331,0.828,4.791961000867241,0.09269172592355533,3.1167695326096068,0.754,4.131976141170006,0.10235076454969083,4.859043932920289,1.643,9.1157110951236,0.05574198460457118,3.114323765739572,0.447,4.072334374355674
2004.02.16.10.12.39,0.08951969957125708,3.497964961574127,0.857,4.937460716656796,0.0922238985346938,3.090077458291418,0.8009999999999999,4.792683968285331,0.09940757352349028,4.587704083506941,1.397,7.343504867136698,0.05551092762634669,3.070809974005148,0.483,4.701776950240041
2004.02.16.10.22.39,0.08913656021626312,3.449155423686135,0.839,4.734308783916988,0.09488952252158822,3.1151742369513977,0.7889999999999999,4.584278521382944,0.101971905358397,4.217311489105446,1.391,7.992397485714803,0.05570401734909364,3.0877021626643333,0.46399999999999997,4.559814751029494
2004.02.16.10.32.39,0.08819533236169941,3.513491407437019,0.889,5.374434080661666,0.09316046697726389,3.0973333850199327,0.8049999999999999,4.583489261643683,0.09890342314285688,4.466492187332432,1.6400000000000001,9.302003618935867,0.05573558486211367,3.126554318022269,0.567,6.315534337189173
2004.02.16.10.42.39,0.08845663938213598,3.484893495352482,0.8280000000000001,4.804613909917877,0.09288572106483524,3.148599412213785,0.915,5.54444745754328,0.09786359637829457,4.364698996239022,1.443,7.438925473225967,0.05611601055514371,3.0298814541500523,0.422,3.866989079467078
2004.02.16.10.52.39,0.090150743170207,3.6217770021628457,0.903,5.3576929375732725,0.0927448754059355,3.141486951241894,0.857,5.16470584389124,0.09785003223603839,4.753627274239574,1.5190000000000001,8.98313449585418,0.05520490019789344,3.035797207712,0.43,4.021382145501484
2004.02.16.11.02.39,0.09071041798845723,3.4888141347703794,0.891,4.982889617568693,0.0950661660515158,3.338581845577781,1.165,6.732153263161868,0.09794839501460706,4.170413502126317,1.236,6.758661026566855,0.0574746878729563,3.1214404560634414,0.5449999999999999,5.18489114127436
2004.02.16.11.12.39,0.08991441460146977,3.449616914711077,0.886,5.049246019253722,0.09263150491665889,3.202083979371176,0.874,4.901140280603953,0.0988358376437129,4.3356225085933815,1.4769999999999999,7.5073983050033855,0.055543177180010145,3.170825852095662,0.45699999999999996,4.4829988603823425
2004.02.16.11.22.39,0.09103706078046937,3.3634126158136644,0.849,4.822211923763919,0.09339420192455739,3.0896808667101747,0.9059999999999999,5.02172501435209,0.09920378848809468,4.319930905020068,1.514,8.46741856134665,0.05595032499626342,3.068776700215711,0.488,4.5397412797327465
2004.02.16.11.32.39,0.09011333846624067,3.5452279361146344,0.869,5.448693926526141,0.09232211252423496,3.2016317474098894,0.8600000000000001,4.950060039841869,0.0980954707757639,4.433874126034487,1.3290000000000002,6.972798994599387,0.05583582501825105,3.1236610218527106,0.527,4.763966502027195
2004.02.16.11.42.39,0.09209473537180682,3.6274695337680583,0.894,5.0382901707326635,0.09345214245637977,3.1442178038383815,0.813,4.387272343075214,0.10107643809459564,4.405518462521686,1.447,7.291511393686576,0.05690404864289644,3.073475522362553,0.46199999999999997,4.252772970842204
2004.02.16.11.52.39,0.0892083709483904,3.587115769874706,0.788,4.539932695714219,0.09213045348300623,3.1351450594361165,0.825,4.982066001494979,0.09901602172675768,4.301714118748445,1.462,8.382481799667216,0.05573613634376938,3.1031921636389344,0.485,4.503362028036569
2004.02.16.12.02.39,0.08972886132503578,3.51467069938347,0.908,5.6280665166437025,0.09259003562622506,3.123857756044672,0.83,4.5577258626788275,0.09739418160921177,4.354826474766258,1.258,6.571234435419983,0.05573562910349627,3.093340660794558,0.498,4.557228546363833
2004.02.16.12.12.39,0.09109389338539316,3.459517460983252,0.796,4.424006758554254,0.09355993024193103,3.14323677511589,0.7889999999999999,4.649426296868323,0.09910242097824856,4.992174396109509,1.524,7.961460398360734,0.05681175785062565,3.082259730457922,0.44499999999999995,4.171671656827461
2004.02.16.12.22.39,0.0918239707351109,3.583255652257677,0.91,5.0749275626981225,0.09275637981343252,3.162004449120255,0.7909999999999999,4.527990428742214,0.10030408161716302,5.10104751069524,1.826,9.660623818863563,0.057264926666956234,3.060375938772316,0.478,4.383136670370266
2004.02.16.12.32.39,0.08981583914286778,3.5313526949232945,1.066,6.056838138924172,0.09300471573225468,3.2161736782297106,0.9570000000000001,5.935182916843889,0.09859257205120411,4.650564731927489,1.553,8.073630532598306,0.05570250613260704,3.077836469670854,0.464,4.164983159782684
2004.02.16.12.42.39,0.09123699259817464,3.4307299921087786,0.832,4.625316858684389,0.09342941436587301,3.265109330610292,1.1059999999999999,6.111565654943988,0.10028082662928704,4.487896051640875,1.502,8.37647662304648,0.05711262430906804,3.1332650401421374,0.495,4.780028991885328
2004.02.16.12.52.39,0.090868854030479,3.543120842220695,0.869,4.996211351446344,0.09264612850493605,3.200150774224806,0.991,5.558785977468681,0.09726888272656883,4.950052827669237,1.462,8.533047535183488,0.056630612477098025,3.1080551300316444,0.479,4.273307128681809
2004.02.16.13.02.39,0.08962443312887326,3.500056835444141,0.876,5.500732141771014,0.09248093975922822,3.141259599384929,0.764,4.325215563784169,0.09730870381363953,3.9664338477277736,1.197,6.854474202815434,0.05524059017366103,3.064794277602461,0.46099999999999997,4.417041875058394
2004.02.16.13.12.39,0.08982404539353243,3.443080047593762,0.874,5.544172474287795,0.09325730455849357,3.1947354716025305,0.986,5.340064270114525,0.10091752027491312,5.347826808191093,1.6829999999999998,8.422719837789154,0.055504400955155124,3.064712293443579,0.529,5.008611843673632
2004.02.16.13.22.39,0.09140617654911579,3.582812562592031,0.944,5.470089865659486,0.09342513113158112,3.1708911641344706,0.903,5.094988834745071,0.09811491862025558,4.366292367594348,1.414,7.317949299626394,0.05701935363938392,3.123928599514214,0.496,4.542317361891414
2004.02.16.13.32.39,0.09195853451590287,3.4359665616194075,0.808,4.621648248716953,0.09434170433977952,3.2722653364112166,0.899,5.25748398834957,0.09913809787953304,4.376744311803489,1.3940000000000001,7.686247933926864,0.0569017437981089,3.1806758537376667,0.529,4.797744001811646
2004.02.16.13.42.39,0.09039873667146503,3.4791268254750722,0.767,4.269971176730432,0.09209494850976152,3.1009345170288913,0.778,4.527935644111907,0.09877371081044603,4.2572929483755075,1.155,6.206104792158632,0.05666826523863466,3.159503724875663,0.495,4.817511156383116
2004.02.16.13.52.39,0.09161855206251215,3.4773219216195352,0.903,4.955328258082837,0.0938534416303386,3.174484836859913,0.813,4.911913638881192,0.09828857459788688,4.672423995804047,1.6139999999999999,9.166884387998548,0.055188598870713326,3.0624640421381284,0.508,4.729237656702019
2004.02.16.14.02.39,0.09144305642507458,3.575522988724977,0.849,4.910159585139149,0.09443863774339466,3.2130266577810143,0.882,4.78617662008381,0.10148283798874567,4.3358812103263995,1.379,6.927279665532825,0.05597838109833675,3.1287421197720287,0.524,4.876882729431264
2004.02.16.14.12.39,0.09038385103182842,3.385410349683454,0.869,5.2664275151584095,0.09463428269362799,3.150290285757221,0.883,4.871384733717019,0.10018066882512813,4.748396879866723,1.4889999999999999,7.526402137683429,0.05610137047819108,3.101531410966875,0.452,4.046246964470222
2004.02.16.14.22.39,0.09101168178153354,3.5069703567366908,0.779,4.296151794431895,0.09362180636450637,3.1694515872648026,0.872,4.902703951394969,0.10002334200231713,4.802928757411011,1.629,9.54777135898815,0.05619810062334736,3.060544700799836,0.434,3.8613404651232623
2004.02.16.14.32.39,0.09111499109127158,3.5420037471466377,0.9530000000000001,5.443670619504836,0.09326956611291072,3.2090081289430485,0.952,5.41441352250588,0.10058053826528457,4.148656826135259,1.455,8.858572596320348,0.056684813366599786,3.1654686294074974,0.486,4.392710943399127
2004.02.16.14.42.39,0.09316506452553379,3.5609820953544635,0.994,5.871299534710069,0.09281437603322829,3.0348665715654004,0.782,4.266580425625324,0.09740665403348991,5.485914505600973,1.877,10.050648076500037,0.05573222898517742,3.051056415433459,0.508,4.826650663327021
2004.02.16.14.52.39,0.09196030611296717,3.3948689754085977,0.821,4.860792866988612,0.09315241705256164,3.2230047943180438,0.904,4.8522627141811805,0.09806688715090711,4.389901267943117,1.641,10.084953532563024,0.05519782339034076,3.0992280437377233,0.456,4.148714313979153
2004.02.16.15.02.39,0.09220456198041396,3.743297555299537,0.991,5.455261531493929,0.09395463837547152,3.120107216992776,0.752,4.47024231333371,0.09865537297677962,4.154162369343259,1.384,8.088763702589459,0.05616380679191337,3.080178310828565,0.454,4.130774127536598
2004.02.16.15.12.39,0.09182987332434706,3.5517784022496657,0.813,4.813248499634068,0.0932112307875069,3.166182279329975,0.808,4.344969984607071,0.09840096618674217,4.664592648287813,1.355,7.347488830830319,0.05607215113416374,3.095288707800039,0.552,5.225410369916776
2004.02.16.15.22.39,0.09341100455237795,3.4625226492048617,0.917,5.352688394648803,0.09388151790579909,3.107377858851375,0.772,4.7613205449929,0.10137222681356381,4.610157016519669,1.541,8.9866823353446,0.055662112794801905,3.119667621626041,0.483,4.77883405145988
2004.02.16.15.32.39,0.09314935818183344,3.6215580358289516,0.8280000000000001,4.798744819340867,0.09361518692314966,3.232367306332186,0.9199999999999999,5.138055221690272,0.09820358442613296,5.130945810287956,1.7970000000000002,10.569878951625903,0.05444486711056883,3.097818826010393,0.474,4.444863452573713
2004.02.16.15.42.39,0.09361258209954337,3.5944372850986572,0.925,5.373209334885482,0.09468018020387108,3.0448629318662674,0.742,4.224749035528829,0.09915316976384946,4.2951554585112905,1.467,7.856531484120217,0.0562730920482594,3.060903056275879,0.501,4.513702566444571
2004.02.16.15.52.39,0.09453647609520888,3.494822312081972,0.8200000000000001,4.749489493852155,0.09493626151265912,3.198457918352393,0.916,5.477359143014722,0.10178630916962753,4.443353543753731,1.529,7.751533643735196,0.05659482242909903,3.086770806264481,0.476,4.435034676793062
2004.02.16.16.02.39,0.09488179632277996,3.454584749659735,0.838,4.479257523268061,0.0935654216832566,3.1626523244195157,0.957,5.194226577049339,0.10022210929433809,4.946202714217444,1.728,8.840364728285094,0.055586749928180954,3.0827625498689377,0.52,4.875262546382667
2004.02.16.16.12.39,0.09591115706125188,3.5121334435393043,0.903,5.192305204721507,0.09422713763453115,3.1360350823132355,0.9279999999999999,5.263876335963667,0.09819555484943043,4.174682665401032,1.284,6.639811761334346,0.05744529794386461,3.139358659812682,0.508,4.595676399101978
2004.02.16.16.22.39,0.09453624651051508,3.450302492499728,0.9450000000000001,5.0668396269225875,0.09369124877840113,3.14971650919959,0.8420000000000001,4.973783635888821,0.09809212003862428,4.608388646520939,1.4260000000000002,7.941514565015669,0.056106730740393344,3.195201746920972,0.473,4.259738481392838
2004.02.16.16.32.39,0.09484404113423192,3.536243511409215,0.872,4.765718484731038,0.0937737287678764,3.1463311669715406,0.8200000000000001,4.500194303295769,0.09859765097274757,4.456280670524275,1.396,8.022503499790606,0.05708606312853975,3.121742402013189,0.498,4.449422259651579
2004.02.16.16.42.39,0.09559869276613436,3.4700351608607565,0.889,4.7280981247906775,0.09209459380975832,3.0779550055914684,0.791,4.397652275188018,0.10062861721953464,4.602093994721396,1.521,9.57977985424272,0.05639069860067238,3.192100616860165,0.623,6.153497094569821
2004.02.16.16.52.39,0.0962706846686077,3.4821477383767943,0.867,4.539284222443039,0.094914523892306,3.2335699031397964,0.854,4.551463593603075,0.0993006817228613,4.946100585788426,1.534,8.1167620001791,0.057252961594385005,3.1702268395722815,0.493,4.5237834478313
2004.02.16.17.02.39,0.09629343885845754,3.480914993070456,0.8160000000000001,4.413592504726212,0.09325811139947493,3.146808309949442,0.856,4.707365326320255,0.09841320806418404,4.397482869462816,1.491,8.677696996149443,0.05721967930020887,3.157044817428957,0.459,4.089502123426718
2004.02.16.17.12.39,0.09498840749582946,3.7511586473517373,0.974,5.34802102058932,0.0941080384472582,3.1539931628482267,0.828,4.409825205660642,0.09843763343244924,4.857723136871014,1.633,9.498399823291406,0.05690344154931449,3.157809402872065,0.5760000000000001,5.746576851887078
2004.02.16.17.22.39,0.09552074356479788,3.6564783060272306,0.9670000000000001,5.265871906229275,0.09441177393016523,3.2627089344475584,0.8959999999999999,5.094703552078022,0.09937945842986115,4.253528756693132,1.3359999999999999,7.174520884546907,0.057382043157708534,3.06714626401575,0.458,3.9907955067165783
2004.02.16.17.32.39,0.09492288322509818,3.519503689072393,0.898,4.85657392966872,0.0949729903524385,3.1481157096562833,0.7909999999999999,4.4433685665154465,0.10088852599644013,4.3640862804838765,1.3399999999999999,6.968086737879443,0.05738178277241502,3.179775598353537,0.542,5.489547113747554
2004.02.16.17.42.39,0.09428204497096067,3.4795562273540734,0.9450000000000001,5.080500748021898,0.09449111002124419,3.168145853762142,0.871,4.878765842589368,0.09962179334354695,4.65267492743885,1.517,7.699118578953817,0.05695749211651725,3.201311791308718,0.569,5.0212884973048535
2004.02.16.17.52.39,0.09331646084820391,3.6900665599350058,0.879,5.2830979177613,0.09301165790297136,3.137745624327161,0.8320000000000001,4.644579074707573,0.09660399593831509,5.051874929754125,1.572,8.540019405892798,0.05568046611371554,3.049311474187522,0.473,4.59766266103402
2004.02.16.18.02.39,0.09846557957645975,3.6142024183200445,1.045,5.606019914516069,0.09348963532960486,3.272303229727344,1.1059999999999999,6.16111077949195,0.1005864151080894,4.271967964309676,1.2690000000000001,6.4521635382132825,0.057890811403208675,3.0720511600726605,0.464,4.007544450951349
2004.02.16.18.12.39,0.09505307008620237,3.5214360964550426,0.867,4.702636112590804,0.09377293026866482,3.15240151857143,0.923,5.001443365972334,0.09887744742546199,4.197818829122056,1.409,8.151504928437772,0.05676091623052014,3.115673500346911,0.454,4.122555017429036
2004.02.16.18.22.39,0.09558984315937742,3.5461967132436896,0.859,4.519308597250487,0.09331405882405261,3.200314775294207,0.899,5.133202928222999,0.10030143947005758,4.423167587604787,1.4209999999999998,8.424604915588006,0.056712316697824776,3.122462753125095,0.542,4.99009768033078
2004.02.16.18.32.39,0.09694473044843,3.7066014705423598,1.03,5.5392386725512495,0.09405298306298888,3.0807717048502163,0.896,4.805801849977346,0.1006429790323976,4.213508569555672,1.355,7.183809610477267,0.05659320558131294,3.079130443838983,0.476,4.4881712811806285
2004.02.16.18.42.39,0.0965114094210498,3.5868126529442286,1.0110000000000001,5.315433719985766,0.09466585690147544,3.1434705905706712,0.95,5.471877791579221,0.09784937004779336,4.281039207765884,1.28,7.562644497747464,0.05627608856815877,3.104226134367321,0.515,4.637848980635709
2004.02.16.18.52.39,0.09612524026709245,3.5574171385605213,0.8320000000000001,4.442121536586467,0.09288313678816718,3.075770974742072,0.854,5.4907706353966645,0.0967817567895191,3.919337192120683,1.155,6.788469457408623,0.056783102267532026,3.1590994539989654,0.593,5.758755456145184
2004.02.16.19.02.39,0.09615338622035434,3.564393542742233,0.96,5.616026863187992,0.09300269837105198,3.143169685293199,0.7889999999999999,4.69878839704742,0.09839772485103188,4.444157926599351,1.4969999999999999,8.140432120891667,0.05622769262533143,3.1028041937973896,0.513,5.299879580435539
2004.02.16.19.12.39,0.09568015540681293,3.5436207732186147,0.882,4.671815154348832,0.0949979006244184,3.0631635936691506,0.8009999999999999,4.347464494324224,0.09943235422339275,4.157748537909947,1.287,8.005442556571095,0.05743181886689098,3.1035227762141213,0.474,4.213692074786634
2004.02.16.19.22.39,0.09588543375429867,3.56759842063075,0.883,4.807820979162362,0.09202103057649037,3.118262950120345,0.8280000000000001,4.727180268193326,0.10063295145213992,5.062629244750592,1.841,10.503517831360627,0.056818024776061384,3.122359339257089,0.479,4.2592117722114065
2004.02.16.19.32.39,0.09359121892445693,3.577179756881984,0.815,4.615817647900205,0.09387507984142743,3.0664180251355773,0.835,4.782951990650181,0.09925796862689414,4.766519061067747,1.411,7.253825662163658,0.05635890672455863,3.08406543365255,0.45899999999999996,4.293908701648882
2004.02.16.19.42.39,0.0978013926401038,3.6771886124561832,1.077,5.541843376346269,0.09384173376538688,3.293605936474997,0.984,5.828963064211401,0.09832484600444018,4.346682776463968,1.4529999999999998,8.319362127076817,0.05679119082629584,2.9879334833507127,0.46699999999999997,4.261224258181033
2004.02.16.19.52.39,0.09710681060572232,3.6499851458312187,0.9299999999999999,5.056287987807379,0.09287544556378653,3.211961991702645,0.838,4.629856657911563,0.10271488123038391,4.374082770793149,1.514,7.4672724225778015,0.05707705138601569,3.084642299262189,0.52,4.625326529475943
2004.02.16.20.02.39,0.09409151883148463,3.5973913543767058,0.871,4.8250895047523015,0.09203772207718013,3.100049480491976,0.8109999999999999,4.671997419051882,0.09918185337581921,4.63053952753423,1.512,7.955084253268857,0.05642001130610707,3.235288274374451,0.554,5.015950784989779
2004.02.16.20.12.39,0.09633701373222937,3.5472246871079176,0.996,5.781786028246552,0.09376858487662926,3.117986821702163,0.774,4.372466541320149,0.09833825949878308,3.9653432288637505,1.25,6.375951772949154,0.05705804036858544,3.0995919254838316,0.501,4.451607492286842
2004.02.16.20.22.39,0.09589212714726963,3.6811948931940965,0.9590000000000001,5.31847624171221,0.09241542533497181,3.2394520618148115,0.872,4.83685486897658,0.09960464621128373,4.575049458458573,1.431,7.7004439970904714,0.05735825004004437,3.312703977162392,0.72,7.618781948453983
2004.02.16.20.32.39,0.09741922811159702,3.579020345483951,1.04,5.6662325364317745,0.09298880482222376,3.1073263977108043,0.845,4.807030274822607,0.09764619773263383,4.82055090961082,1.4329999999999998,7.404282161397155,0.05623282723974494,3.1276031782557316,0.474,4.694766615138405
2004.02.16.20.42.39,0.0976594566973515,3.6133940913684968,0.896,4.64880734906149,0.0923204927882855,3.1068783121770354,0.799,4.365227998990236,0.09983313812933059,5.014527232414441,1.442,8.16362197233742,0.05687962979095636,3.1839519764851913,0.525,4.887514229992421
2004.02.16.20.52.39,0.09483689122646313,3.651280570098858,0.954,5.19839899457221,0.09425632516698482,3.2102864320436817,0.8280000000000001,4.583246792559199,0.09716006872722006,4.407011104853452,1.329,7.7192205586602505,0.056869037290460174,3.030714527310491,0.45899999999999996,4.290559707451408
2004.02.16.21.02.39,0.09751085676733642,3.520734468554498,0.8939999999999999,4.912273523992381,0.0933811182839075,3.114985876422534,0.837,4.5191148677079385,0.10004060967419368,4.021468812516995,1.206,6.5373452054111665,0.05669897038031202,3.149122762463545,0.488,4.515073171220983
2004.02.16.21.12.39,0.09844802225508394,3.5386898269168503,0.867,4.642043481746025,0.09381573945106439,3.183807301889966,0.786,4.3489504254541265,0.09782801469407613,4.926394763206879,1.624,9.087376481880424,0.05636548908130755,3.132306234150082,0.46799999999999997,4.240183202442209
2004.02.16.21.22.39,0.09941949426467503,3.6725187096744207,0.871,4.415633002832344,0.09297185840391771,3.2582934449040737,0.786,4.388424701886,0.09805663173566462,4.265132194654421,1.465,8.046370612922342,0.05699371238964106,3.161853083612383,0.5469999999999999,5.40410489308608
2004.02.16.21.32.39,0.09837946999850884,3.5520838440108813,0.915,5.011208131203314,0.09423890590790382,3.1496912322863073,0.823,4.976713125875381,0.09779483990932561,5.002529282017104,1.699,9.162037596572194,0.05713950769689699,3.1806314929668997,0.5720000000000001,5.39031595500999
2004.02.16.21.42.39,0.09805131488951334,3.6552368688722146,0.8089999999999999,4.212080179295695,0.09317831527506816,3.193476258009414,0.835,4.947503060546861,0.09788177733359961,4.70917260705676,1.548,8.081177329914254,0.05660791641786398,3.193483226147561,0.52,4.610662545382702
2004.02.16.21.52.39,0.09792751075811766,3.611133343780108,0.876,4.860738277885228,0.09407280363002105,3.134263877429378,0.816,4.337066444884786,0.09843695287546364,4.1618136584261185,1.223,6.745434317131411,0.05622479860804861,3.1260479632753038,0.588,6.3317256586676045
2004.02.16.22.02.39,0.09727314629554436,3.572484489262321,0.877,5.047641807618702,0.09372050030667985,3.099768724780779,0.798,4.428060015066109,0.09824424755543897,4.1460013561048275,1.4729999999999999,8.427974365957272,0.05684871301863394,3.149623884037581,0.542,4.767038436053448
2004.02.16.22.12.39,0.09838645353035777,3.5403197851984634,0.855,4.716096407081386,0.09345578938895385,3.1308556261276688,0.874,4.857911992059651,0.09963149386771485,4.070810562330733,1.302,7.4273703150785915,0.056535941624001454,3.1323372166418575,0.513,4.581156562713826
2004.02.16.22.22.39,0.10379379699636138,4.0579778032148015,0.984,4.778705610099108,0.09351430920126944,3.211073203724613,1.0619999999999998,6.15948516242882,0.10143504719192535,4.474125626425728,1.57,7.798093675683397,0.05683093803183373,3.1041556582346823,0.493,4.469396578633322
2004.02.16.22.32.39,0.10638649114453806,3.8593839482326833,0.996,4.699844826357639,0.0926906863178719,3.160525651493923,0.8500000000000001,4.822490994047294,0.09828064213842228,4.513734591195009,1.558,8.201004617621427,0.05794128855938462,3.1341010387782546,0.571,6.144150550520324
2004.02.16.22.42.39,0.10502789459271344,3.859403369002082,0.9550000000000001,4.741597476853068,0.09364176747175576,3.2848389263936877,0.854,4.741473938260716,0.10134688940558315,4.766534006165233,1.536,7.58780071603891,0.05739989587860765,3.1192909606926937,0.473,4.547046575693738
2004.02.16.22.52.39,0.10535479352896693,3.8345135768103162,0.9490000000000001,4.840785909373714,0.09498428838003947,3.15184054150521,0.7789999999999999,4.42178393040697,0.0987690235829597,4.164244553155676,1.348,7.9883345139814015,0.05805284205534751,3.0411715596066737,0.445,3.8757792389472554
2004.02.16.23.02.39,0.1062761847330165,3.8989962838910843,1.0470000000000002,4.9587779362226065,0.09357129817308764,3.0971758773460447,0.8200000000000001,4.435120684468173,0.09736498714967434,4.098260109882813,1.3940000000000001,8.226776621134482,0.05731569434595882,3.192755413262875,0.573,5.146932325714722
2004.02.16.23.12.39,0.10429216187852698,3.7805928630818695,0.892,4.381920863164052,0.09300717981987666,3.1219608394082976,0.835,5.010365876080576,0.098088138229493,4.41298855648338,1.47,9.23659084934681,0.05732940045256012,3.0312749312903238,0.481,4.3433211935653615
2004.02.16.23.22.39,0.1058579707010176,3.932443746332901,0.999,4.798882848744395,0.09351709506989886,3.161564436069927,0.876,5.453548355183651,0.09837245048117829,4.668331598452877,1.473,8.020538231391932,0.05886837102741909,3.126361842094445,0.505,4.433620218205701
2004.02.16.23.32.39,0.10620989914212917,3.761813167054199,0.942,4.528768070444451,0.09308487731509145,3.102650017643377,0.886,5.693728297089064,0.09889605249563174,4.3815299938346675,1.2959999999999998,7.209590089872327,0.05640300977535463,3.102419993271343,0.5,4.450117130268371
2004.02.16.23.42.39,0.10301590204535778,4.035295589771101,1.02,5.542833569021115,0.09357431350770093,3.1720924482384314,0.93,5.738754363993344,0.09952702968878291,4.6824921420275665,1.678,9.324100225856427,0.05805726480031375,3.149826558681467,0.469,4.4955614236685415
2004.02.16.23.52.39,0.10596938126470778,3.7446224362206095,0.986,4.652287237277561,0.09294331479791863,3.125068553737687,0.862,5.121401157629677,0.09826283685820329,4.778775767203521,1.543,8.548501415770739,0.05791963131276174,3.0980211959875334,0.513,4.558040063729333
2004.02.17.00.02.39,0.10595938103673266,3.8544294796051406,1.057,5.00191672331746,0.09324091019495882,3.274546626197254,1.101,6.939014201461332,0.10033874218662377,4.367103034217662,1.445,7.664038667832892,0.05780084637612908,3.048078115113345,0.481,4.186789903130943
2004.02.17.00.12.39,0.10464030419355035,3.9503298348422975,1.0230000000000001,5.2465443810687855,0.09306068616012753,3.1234867064882823,0.8300000000000001,4.588403735442808,0.10050523467593926,4.4362026064528886,1.499,9.153752070390878,0.05703066480864154,3.0458638046560824,0.46399999999999997,4.366072197044955
2004.02.17.00.22.39,0.10564207193765772,3.895181246440886,0.969,4.619371724249995,0.09403490536888083,3.1565924786816595,0.774,4.306911336926039,0.1019866903559755,4.075035981167892,1.365,7.157796742418052,0.057390042196877454,2.9791806191389414,0.481,4.600101165535718
2004.02.17.00.32.39,0.10435954367219488,3.7816348788004697,0.9570000000000001,4.752799624708901,0.09434831757533821,3.251895181364655,0.962,5.6386803037075035,0.09859693710181557,4.53398742125146,1.33,6.977904387532249,0.05879731638486998,3.15633611147265,0.552,4.81314484061764
2004.02.17.00.42.39,0.10662787171909487,3.7678642560795548,0.964,4.736097531144522,0.09400106538209421,3.2350928162411536,0.891,5.010581508682756,0.09754441421291445,4.348421980645197,1.368,7.012190349587865,0.05826460930329512,3.103088009345449,0.473,4.187790889146162
2004.02.17.00.52.39,0.10662177420384168,3.7654697765915426,0.969,4.558168381918456,0.09372979235338877,3.1421272592849063,0.769,4.246248604706425,0.09999884569646292,4.2153298985240015,1.37,6.960080340453553,0.05970491483511847,3.182913726733304,0.618,5.845414920426584
2004.02.17.01.02.39,0.10470268546579882,3.7869819151709754,1.216,6.064791912213399,0.09225857958917695,3.1648527531864885,0.815,4.628295838732946,0.09668044071676286,4.288089311954534,1.4889999999999999,8.181592824109387,0.057859323099490635,3.075873097578555,0.488,4.683774117682095
2004.02.17.01.12.39,0.10421010318327466,3.8916386740504207,0.9570000000000001,4.711635292563492,0.09308762620425848,3.163804217225322,0.8009999999999999,4.382967067016423,0.09730937770962456,4.2690715925292,1.355,8.025947944406122,0.05779941659388744,3.1710771190033413,0.516,4.654026214313866
2004.02.17.01.22.39,0.10612328036187736,3.81499632203008,1.006,4.965922634533582,0.09329985916764894,3.234925084682838,0.9450000000000001,5.316192376118661,0.0993147272012691,4.5723532509562945,1.433,8.014924094659632,0.057985778748839575,3.0360070300386073,0.439,4.035472232140762
2004.02.17.01.32.39,0.10685637013248496,3.9259511693175684,1.0110000000000001,4.9786456281493034,0.09286407500094561,3.2195734749482505,0.85,4.684265686117807,0.09959141357668906,4.158316723055639,1.162,6.345928602703653,0.0598926085635521,3.1909816507645847,0.537,4.524765350843613
2004.02.17.01.42.39,0.10484058257137954,3.7773012336510248,1.045,5.751589558265323,0.09289633261480913,3.088558215168159,0.883,4.779521295431844,0.09727690973693989,4.30637936677427,1.387,7.905267571508599,0.057358568419145106,3.177303850062132,0.503,4.689796266083471
2004.02.17.01.52.39,0.10359935976515493,3.817635201091252,0.899,4.575317850172924,0.09239901344466225,3.22202650388524,0.9199999999999999,5.151570154859676,0.09584074645807296,4.339617520713187,1.262,7.157707189813067,0.05810387258837078,3.1563513015111577,0.474,4.251007531801519
2004.02.17.02.02.39,0.1061608500070471,3.6430516614183497,1.0250000000000001,5.2655946138608805,0.09284909684620658,3.1286881879827,0.813,5.018896422566966,0.0990191777313554,4.729040587640113,1.553,9.493110542184795,0.05782372863928787,3.127936296726037,0.476,4.3926603485653075
2004.02.17.02.12.39,0.10631852845194717,3.7746946322817005,0.9570000000000001,4.618197854590487,0.09231654738926819,3.2015282091791497,0.96,5.372817918639579,0.09781700718449347,4.098112186862164,1.2650000000000001,6.66550755095438,0.05901016696034252,3.1840706298850425,0.503,4.422966641924666
2004.02.17.02.22.39,0.10491263548297877,3.7594868721250303,0.921,4.632425806125608,0.09455016417183988,3.16068130575116,1.0130000000000001,5.785288738429441,0.09969235734639466,4.635182096704637,1.484,9.669748270175324,0.05717788810958197,3.046184540528332,0.476,4.179937523085046
2004.02.17.02.32.39,0.1029637437136551,3.734506168741109,0.957,4.690971623402076,0.09466905941513772,3.1932179055596315,0.815,4.383692016841152,0.10092580040554545,4.5576539661030955,1.604,8.20404690052381,0.057398407619598864,3.175130483750533,0.584,6.132574309950169
2004.02.17.02.42.39,0.10200354165305059,3.905403920776943,1.104,5.411576804632367,0.09309714453361338,3.143271161604874,0.9470000000000001,5.1666461136875315,0.1015402610267228,4.38359848255281,1.479,7.740771907146713,0.058017537589669814,3.094151688791502,0.495,4.326278060527189
2004.02.17.02.52.39,0.10489127136513195,3.765385118038724,0.903,4.395027288736307,0.09376724685107936,3.151931522061919,0.845,4.8737700566788,0.09757967798003589,4.410190777908977,1.431,7.983219622423615,0.05850800851632941,3.0779423731219797,0.483,4.375469384307469
2004.02.17.03.02.39,0.10283863459626931,3.805677382553374,0.977,4.823090095927756,0.09291245065290295,3.1218684653865965,0.874,5.198442152864571,0.09875305177246423,4.257175068157686,1.2690000000000001,6.450433567032484,0.05754872468517982,3.0914488076622684,0.5349999999999999,5.056584687009398
2004.02.17.03.12.39,0.104138791478608,3.767350526474162,1.0670000000000002,5.156579910093441,0.09333934068511117,3.163990446592738,0.874,5.281802896628344,0.0986598725875134,4.911124369523549,1.6360000000000001,8.808038944396351,0.05745047374559891,3.1674088036716923,0.513,4.891169413925442
2004.02.17.03.22.39,0.10527105383433104,3.804203689893906,1.052,5.034622345797741,0.09471291454516972,3.1285890586290543,0.864,4.635059559809403,0.10002323875487948,4.098818351838449,1.267,6.538480538534808,0.05775944271421124,3.055319705121974,0.486,4.778439455616362
2004.02.17.03.32.39,0.10531576914436294,3.8374606137177665,0.9650000000000001,4.823589137004284,0.09472708279496288,3.1645233031567375,0.927,5.151641807193386,0.09833286328564385,4.309799629480912,1.397,7.525459701609611,0.05823778959334523,3.07341598061523,0.485,4.309916323278202
2004.02.17.03.42.39,0.10321447893638458,3.7876753191941415,0.877,4.379230556195382,0.09363475103594017,3.0351775718854617,0.815,4.741829236343864,0.09798534423854863,4.890621771618084,1.5699999999999998,10.664860220890914,0.05796454078383827,3.18297062991733,0.552,4.882295213126338
2004.02.17.03.52.39,0.10400314819265989,3.765711384273892,0.9470000000000001,4.69216565537043,0.0938261958586027,3.0967801134357438,0.794,4.764127927275607,0.10033973393940833,4.583431229796892,1.479,8.172236140223069,0.05752644517551254,3.0863247412322177,0.525,4.6239603227426445
2004.02.17.04.02.39,0.10480054064895132,3.851371623918186,0.969,4.770967753638237,0.09305133910366027,3.1842019842294995,0.9870000000000001,5.985942871595815,0.09691920538802862,4.5142759316713805,1.487,7.831265196214156,0.0567560307058587,3.0693072782978685,0.43000000000000005,3.999574973388118
2004.02.17.04.12.39,0.10488916094613579,3.8011197732616546,1.03,5.0052836276343715,0.09405709001261214,3.1337474970278762,0.752,3.9975721123158503,0.09779885038546593,4.472845663947966,1.4689999999999999,7.934653597066442,0.0574512951843505,3.071898038312734,0.481,4.2122636090877865
2004.02.17.04.22.39,0.10448049403028538,3.887543004791337,1.057,5.091859537396436,0.09318969858238087,3.2563775975191547,0.872,4.903975513945957,0.0985108231383264,4.907472991147242,1.562,8.049876904251319,0.05848405732280807,3.2219405734365356,0.599,5.642563377204406
2004.02.17.04.32.39,0.10532482726442635,3.8239941692202497,1.05,5.098512990216626,0.09407093686207964,3.1589112843653844,0.815,4.358413062273568,0.09851899900051005,4.669063712295336,1.5470000000000002,7.8766533143113096,0.05807027371601692,3.1097451585434803,0.473,4.322349180365053
2004.02.17.04.42.39,0.10710761691664371,3.9259360914985333,1.07,5.247059137142183,0.09236862054045666,3.1294276800387344,0.847,4.731043913431594,0.09738417474227716,4.2648076245669255,1.267,6.69513297951632,0.05774879809693553,3.251724694061177,0.615,6.043415819913312
2004.02.17.04.52.39,0.10712431104832426,4.049979707969009,0.997,4.835503677277587,0.09467279330921186,3.2180582765223424,0.942,5.492602275942385,0.09911939538261735,4.287090997941868,1.509,9.039603162845081,0.05829599176830256,3.0658516940851883,0.52,4.991766863776494
2004.02.17.05.02.39,0.10520757314597474,3.8787991225503635,1.065,5.199245488165015,0.09214141459302178,3.063305832869093,0.7130000000000001,4.1566542221179015,0.09789615083166575,4.087755948577225,1.326,7.058500197706315,0.05739602011463862,3.1107345934305304,0.493,4.338279892972816
2004.02.17.05.12.39,0.1051648280769437,3.832104694677334,0.927,4.84953010741252,0.09653343995371177,3.253346512590646,0.8320000000000001,4.65123795666349,0.09971449159467433,4.057469101190628,1.213,6.097408614100308,0.05845453252782778,3.0645573864707734,0.476,4.225506377669063
2004.02.17.05.22.39,0.10574962299541249,3.860532898618408,0.9450000000000001,4.6430425574311505,0.09409586954811368,3.2824228917075726,1.033,6.12141641037151,0.09936806383026188,4.490731493653951,1.387,7.245788759956987,0.058357573600042484,3.09689483923301,0.484,4.232526898613553
2004.02.17.05.32.39,0.10543929148781836,3.9539876786626973,1.145,5.529248079852237,0.09439809811502758,3.178274722093036,0.786,4.65051742319069,0.09937082980636847,4.209929271634115,1.345,6.973877558941216,0.05807313756497598,3.084320718960371,0.491,4.632090003730648
2004.02.17.05.42.39,0.10669288280028043,3.948502823909877,0.944,4.527012367864621,0.09395846042350976,3.2325604569294506,0.923,5.172498546798195,0.0978900738212735,4.5934724329496355,1.475,7.8557505371181025,0.058845363925025984,3.1171454186484104,0.5640000000000001,5.234057187451815
2004.02.17.05.52.39,0.10714596999756337,3.932492736168893,1.028,5.198515632577379,0.09308907838018311,3.1596720348561935,0.7789999999999999,4.58700426978231,0.10151185179419939,4.476972773166939,1.46,7.861151046853423,0.05758772011299371,3.1652199660388423,0.559,5.765117968701973
2004.02.17.06.02.39,0.10824558011870218,4.042394293208494,1.008,4.665317507155642,0.09471749576454315,3.23789366858935,0.9570000000000001,5.363317472653942,0.09915690986228595,4.007160265584612,1.155,6.232545980490005,0.05864248223477797,3.020729325761364,0.517,4.655328178419043
2004.02.17.06.12.39,0.1066530244622867,4.11780839672982,1.054,5.100652351329826,0.09424526368238619,3.127900954570654,0.913,5.284085168229764,0.09814786755834282,4.032960033600883,1.3279999999999998,7.213605528200986,0.05801091458456331,3.059802447686598,0.498,4.499153338110826
2004.02.17.06.22.39,0.10575230009134258,3.983877311002417,0.977,4.642925019842625,0.09398896419593633,3.150793274355486,0.874,4.830354328126844,0.09765961319208737,5.0329902820496,1.641,9.348798035931333,0.05772939592873699,3.0939182609370395,0.449,4.018749828707513
2004.02.17.06.32.39,0.10728003431076423,4.068532133388807,1.074,5.164055022532865,0.09560654642204162,3.292344046442648,1.033,5.648148795337153,0.0990707639001821,4.10154009053273,1.24,6.772936571641462,0.05853267525293565,3.0750979228022417,0.473,4.083189414582809
2004.02.17.06.42.39,0.1092699857470305,4.137680482153826,1.028,4.850371274203293,0.09345174640556483,3.1226359528494374,0.923,5.853288151792394,0.09825536324420159,4.460441523101534,1.3159999999999998,7.08358278896367,0.057019178516969186,3.107969544539421,0.511,4.630021106344636
2004.02.17.06.52.39,0.10650088073652841,3.949014779429943,0.984,4.741744824151408,0.09323714304798277,3.053816332994021,0.7709999999999999,4.472466512464873,0.09798179388842475,4.447269479973209,1.4889999999999999,7.868808779700077,0.056716571497419294,3.089606564830066,0.466,4.125778301155729
2004.02.17.07.02.39,0.10979059235618448,4.014171428201512,1.0979999999999999,5.2463511457459955,0.09532302324079753,3.107935429662989,0.8380000000000001,4.56343058802423,0.09937149929958225,4.147355876757284,1.369,7.587688676477177,0.058719438111322006,3.1185269947923526,0.535,4.700317456661477
2004.02.17.07.12.39,0.11276782356350593,4.077586552889445,1.092,4.895013334092927,0.09417079184709756,3.215636554655695,0.911,5.628072033848308,0.09965996999367713,4.759311584486561,1.392,8.819990614644652,0.05889617453621245,3.121273218378383,0.476,4.057988517625203
2004.02.17.07.22.39,0.12028870746886945,4.345963647530156,1.169,4.888239406447804,0.094769098761559,3.2199885291462653,0.891,5.0965980083364295,0.09900583503558641,4.436536953086071,1.448,7.888423947126746,0.06002163875753998,3.1050449108348994,0.476,3.981897278170809
2004.02.17.07.32.39,0.16689628653443545,5.3890722982950106,1.584,4.841330006664268,0.09743487483434447,3.0828202852633866,0.796,4.136096040408193,0.10435653303137339,4.308116674732286,1.462,7.368968455178656,0.06424971691024697,3.1650647401648553,0.569,4.451381480785743
2004.02.17.07.42.39,0.1717619405135619,5.385087713657376,1.75,5.129192167751729,0.0982766940517944,3.126511905121931,0.849,4.344875497897394,0.10413650920223956,3.805791115038868,1.27,6.357040437320162,0.06458694554750402,3.127564945379156,0.579,4.5055544511850005
2004.02.17.07.52.39,0.1737544359258383,5.626807408932349,1.782,5.196989620371002,0.09769273943282901,3.194015197242425,0.847,4.370846825250449,0.1005969225190935,3.946027933205694,1.1059999999999999,6.063803789665839,0.06479183991469335,3.2340188537374375,0.542,4.213493556587358
2004.02.17.08.02.39,0.17177918437224501,5.618903045549907,1.76,5.67007000038692,0.09800170622916789,3.1183993539448753,0.817,4.255027958644763,0.10265542213326763,4.3983812845764865,1.4380000000000002,7.656682751541483,0.06485588666540802,3.1913506183365823,0.5660000000000001,4.548546248730005
2004.02.17.08.12.39,0.16911726137713776,5.507133901376002,1.6669999999999998,5.008359247913544,0.09691243883414168,3.1679826629319185,0.798,4.787827089916713,0.10072116571335069,3.908697025329047,1.1280000000000001,5.8378990735018865,0.06466984889010295,3.1693811752640686,0.645,5.628588998538798
2004.02.17.08.22.39,0.17369180469319248,5.506406651824571,1.6949999999999998,4.991599929147264,0.09788073423695608,3.303660203898323,0.8400000000000001,4.638297858503259,0.10144145815983596,3.8832941250629776,1.3210000000000002,7.679306016802033,0.06308451014252132,3.1889108413237675,0.511,4.264121246123206
2004.02.17.08.32.39,0.16859953520542212,5.467265336797422,1.643,5.154225359762754,0.09799622895128095,3.223778835754362,0.9299999999999999,4.9083521391331315,0.10270148855763057,4.4922883584596836,1.416,7.419561397811741,0.06504421535518647,3.170974674410172,0.578,4.535376411093526
2004.02.17.08.42.39,0.16686560557006835,5.686524509219736,1.662,5.045976953269958,0.09840111058546609,3.2071184567234328,0.979,5.955217339656251,0.10379353519954289,4.011283603213411,1.258,6.590005809947713,0.06408002275597481,3.324593494035654,0.645,5.1498109052907735
2004.02.17.08.52.39,0.17252337180324112,5.221581229484706,1.526,4.4979413043527225,0.09762459812057167,3.264205341157935,0.92,5.4494462486078685,0.10143902036945952,4.344650235981489,1.445,7.699206845210598,0.06447049122103266,3.2062912918081135,0.5760000000000001,4.653291673728226
2004.02.17.09.02.39,0.16982476952361808,5.547557372864662,1.722,5.8825341132647075,0.10223454884976813,3.0749493476333973,0.869,4.39186170479216,0.10308158697953165,4.490924125920621,1.6480000000000001,8.168287127430347,0.0641965742581672,3.1720737758567688,0.534,4.408334919273301
2004.02.17.09.12.39,0.1688369467847881,5.248777066522476,1.641,5.075903209102654,0.0968277596511584,3.186674417353313,1.023,5.948707292982472,0.10041352705694401,4.236298612441733,1.443,7.8774247174031435,0.06422372319551203,3.262809830400621,0.547,4.328618556630593
2004.02.17.09.22.39,0.16849347762436717,5.29543109013067,1.569,4.706413632033184,0.09767085890728873,3.1747177656065166,0.874,4.545879958130135,0.10257293470303826,5.011208696220044,1.7570000000000001,11.396768586025196,0.06527773297132032,3.2192428440932455,0.591,5.085960937795798
2004.02.17.09.32.39,0.16950951531182548,5.236064581689714,1.492,4.524819734096024,0.09785838979425832,3.1945592288838385,1.059,6.008682558912286,0.1013229566916322,3.8915626127387712,1.3330000000000002,7.708026152226362,0.06470379248327528,3.2529065793558543,0.542,4.342867538601131
2004.02.17.09.42.39,0.16993603015753642,5.384176895930011,1.699,5.27257226833755,0.09774497769227072,3.118852161026778,0.852,4.4912793512736595,0.10029588817866301,4.288632366184635,1.267,6.620410986512004,0.06361571296108277,3.0924226252992044,0.5,3.9455660923512794
2004.02.17.09.52.39,0.16509543064755947,5.759009037211744,1.601,5.172765815809235,0.09733217075994838,3.1594166548401685,0.962,5.065128992302991,0.10271514435031599,4.546812754557267,1.597,8.343462937433564,0.06489482927928465,3.152121470575436,0.537,4.283854400842712
2004.02.17.10.02.39,0.16552700491300126,5.50987514293984,1.592,5.249898652227379,0.09765241642475495,3.1273508664412533,0.8879999999999999,4.823229339777005,0.10016349647147221,4.008553000141854,1.186,6.259765504278071,0.06416800686844457,3.1818056476744303,0.593,4.644058847128464
2004.02.17.10.12.39,0.16503688256696403,5.373606332702642,1.623,5.174600893551705,0.09722120622298987,3.018091856660481,0.7789999999999999,4.248044393244094,0.10133723696501264,4.235738449131406,1.538,7.6872038682972486,0.0647119273775853,3.1694406717416648,0.54,4.26505609065818
2004.02.17.10.22.39,0.16810142507227036,5.370612072790797,1.499,4.5151312647926085,0.09723939832155225,3.168064642675243,0.872,4.8231479019348305,0.1020150867748859,4.111891394863619,1.287,6.322594239647173,0.06390741823504334,3.2646985951839516,0.578,4.616052535795259
2004.02.17.10.32.39,0.16409903551523772,5.515889166851538,1.619,5.149329472576552,0.09706073751820622,3.290395350860332,1.1179999999999999,5.862308638374703,0.1009690546652785,4.306255873037687,1.44,7.517154662051192,0.06515878067627379,3.239988854035202,0.596,4.57344347004502
2004.02.17.10.42.39,0.16516423703487537,5.342150831044338,1.563,4.952646012751989,0.09647873617125757,3.1425166360984207,0.9299999999999999,5.389788679206554,0.09979935167977358,4.177560001149193,1.384,8.266586767489025,0.06336461753896551,3.1582765347829294,0.545,4.355743168974014
2004.02.17.10.52.39,0.16412790006005987,5.578314431277734,1.553,5.026567693232564,0.09745285719259339,3.1322465746223482,0.85,4.463696730207936,0.09926178003926033,4.125745230859089,1.3130000000000002,6.911018518191707,0.0644214918585502,3.250072668486316,0.5780000000000001,4.734444844426861
2004.02.17.11.02.39,0.16383674542174786,5.531885326050883,1.5750000000000002,4.889013132786966,0.09783957093438728,3.1879986299455556,1.084,6.633307912145582,0.10119325691043167,4.329071704720327,1.536,7.698141395819582,0.06390785946934167,3.163533038141049,0.586,4.694258303924545
2004.02.17.11.12.39,0.16321589900343655,5.624170868009734,1.553,4.8034536144269415,0.09752507540131025,3.140296704677402,0.8200000000000001,4.255315858944975,0.10217831954174525,4.480991827460193,1.545,7.809875946080468,0.06559460717341309,3.2325840321201835,0.593,4.573546712565671
2004.02.17.11.22.39,0.16847889623499585,5.398438400002172,1.634,4.944239418794175,0.09862624464518813,3.1730651685444036,0.837,4.674212240955397,0.10301008393637064,4.503680048397083,1.524,7.775937746976092,0.06486118026275906,3.176938423982685,0.545,4.255241715952389
2004.02.17.11.32.39,0.16697350674021613,5.3044913572063175,1.662,5.072661025906316,0.09754133939322855,3.17741796523843,0.862,5.279812674335206,0.10110092975856787,4.218540448622911,1.547,8.278855614867062,0.06545503697374538,3.1736540662644663,0.538,4.109691361230128
2004.02.17.11.42.39,0.16563809588555936,5.66106202250853,1.611,5.143744230123566,0.09827051436794572,3.1356875085082647,0.859,4.569020554007161,0.10226277330821563,4.436570099822834,1.6139999999999999,9.025767345641189,0.06537445364554204,3.1589669675545426,0.579,4.481873020134678
2004.02.17.11.52.39,0.16415866735084764,5.448180649218909,1.631,5.129183938856167,0.09759271358119224,3.141975282475943,0.876,4.723713308949762,0.09932100832811003,4.01503452593324,1.335,7.470725604685566,0.06467841459446208,3.1354039344264537,0.533,4.159038246169882
2004.02.17.12.02.39,0.16524972475984076,5.348742119130721,1.682,5.25870769989437,0.0976823247689449,3.16401650756815,0.869,5.343853161098741,0.09983663315793707,4.015031804608821,1.0790000000000002,5.529032605964995,0.06359637087658285,3.179880310762198,0.539,4.292697778774084
2004.02.17.12.12.39,0.16630584896626643,5.555336429076207,1.704,5.195247222935943,0.09776120510026587,3.1516142386254105,0.831,4.674655959194566,0.100974339494389,4.4196611367918255,1.509,8.200103156366879,0.06524839445163096,3.1541381700672124,0.5589999999999999,4.413901712378474
2004.02.17.12.22.39,0.1575511747218979,5.756871698389002,1.613,5.56009818109116,0.09786301935174811,3.124990271731108,0.8180000000000001,4.46542527396682,0.10261541924865934,4.056677843633863,1.3479999999999999,7.328333358729855,0.06434054941347737,3.264637372065813,0.612,4.849197012524198
2004.02.17.12.32.39,0.16212426031057164,5.539827058969368,1.57,4.866637469855285,0.09829787344509608,3.2668549564504152,1.0979999999999999,6.205627635888922,0.10083915366616965,4.383919333221811,1.49,7.774757834595183,0.06413469521919765,3.2896178822076476,0.569,4.677655346683553
2004.02.17.12.42.39,0.1558261737820283,5.464085946432145,1.526,5.153177932246781,0.0972304411766513,3.156494501059621,0.847,4.844161913698123,0.10092470410378966,4.315227539425435,1.419,7.06467268179216,0.06385066271313282,3.1818665722538295,0.5569999999999999,4.479201747442089
2004.02.17.12.52.39,0.15678997088686228,5.397824838205458,1.604,5.606225927768528,0.0983743155352618,3.13501295586393,1.001,5.265602074906691,0.10147406750965059,4.5313607430829155,1.751,8.81013269636577,0.06458775257897681,3.253652444080629,0.615,5.295121541530776
2004.02.17.13.02.39,0.1541765147649866,5.380993795300869,1.538,5.085080572712791,0.09796594593275768,3.10246395877728,0.7689999999999999,4.256581162256346,0.10155767632775846,3.914026433876333,1.311,7.739444505044913,0.06283809180147024,3.158315961228268,0.5349999999999999,4.742346424864347
2004.02.17.13.12.39,0.15502766606671775,5.385724183032822,1.552,5.508694168384579,0.09723378093181852,3.1398630807443504,0.8029999999999999,4.49432281468546,0.10157691315997634,4.074939299084957,1.391,7.6887550104026205,0.06314709467906064,3.1566624632375873,0.5589999999999999,4.829992599820066
2004.02.17.13.22.39,0.15479955490008887,5.326244291018452,1.545,5.439292125506729,0.09834619525479239,3.1441750659875005,0.827,4.514663722879142,0.10028735982672804,4.172650937539614,1.499,7.667965348062243,0.06479578157987505,3.2215402902961032,0.618,4.784262068323952
2004.02.17.13.32.39,0.1450686467016887,5.260390342657567,1.472,5.314725252696695,0.09662535626147128,3.126254958720001,0.947,4.92624315621594,0.10122464068031743,4.3292604972913775,1.495,8.614503288323903,0.06349790535423196,3.125285435508264,0.527,4.346600072243255
2004.02.17.13.42.39,0.14251295959436022,5.398569851860411,1.446,5.19251022578079,0.09536937007261229,3.1342936292598633,0.864,4.603155076580189,0.100097320075655,4.017334111713625,1.274,6.533641455192781,0.06370145286927331,3.1699879997483698,0.579,4.835054557265289
2004.02.17.13.52.39,0.14808891668890603,5.158488613774588,1.4500000000000002,5.354890951534707,0.09704377435273732,3.1168616004518137,0.784,4.152765107168697,0.10222566135684205,4.500931643619845,1.4700000000000002,7.737783150542148,0.06436843716546954,3.134172010813436,0.538,4.179066819790758
2004.02.17.14.02.39,0.14527101457545222,5.204459419576206,1.557,5.7616448983033095,0.09774301970161668,3.138002647311882,0.9079999999999999,4.921067524498061,0.09941258207394764,4.20675899799355,1.341,7.051421312833058,0.06383062954082566,3.213089828295507,0.5780000000000001,4.699937978962309
2004.02.17.14.12.39,0.1439164398197462,5.0271482740199875,1.428,4.968160697245776,0.0972325754594043,3.146846774002402,0.8220000000000001,4.288686153069166,0.10070628510363691,4.6714973016842585,1.473,8.053121998943753,0.06387021332664097,3.1197893912693444,0.507,4.008128150297246
2004.02.17.14.22.39,0.13972712158296033,5.342641300811165,1.3900000000000001,5.052705530621168,0.09835002909331675,3.1407485042321532,0.835,4.372139021860443,0.10168874317386979,4.1692628139651156,1.55,7.798306629123246,0.06337296632893338,3.1264092066487494,0.545,4.434067336243774
2004.02.17.14.32.39,0.13942111694991724,4.9866054341726365,1.377,5.063795323441633,0.09842147662246728,3.023324806458755,0.862,5.0090693303768195,0.09911647927990455,3.9100974594468076,1.123,5.740720454700032,0.06377386195574171,3.0926098277695564,0.496,4.139626986730282
2004.02.17.14.42.39,0.1397635746076544,5.071652361420828,1.375,5.05138768797156,0.09805594479962383,3.0696014939116503,0.7989999999999999,4.211881297395692,0.10136651330459802,4.575855089873934,1.729,8.55312047080811,0.0628621705816334,3.1839118718465946,0.5389999999999999,4.501912634920767
2004.02.17.14.52.39,0.14242094915360065,4.99982889456034,1.443,5.195864824646772,0.09775368664123683,3.1187012028236336,0.923,4.7670836365512645,0.1011752530806694,4.309527389020639,1.411,7.837885014903028,0.062327169631058575,3.166051249466059,0.569,4.893532015097535
2004.02.17.15.02.39,0.13856824279089436,5.225164410388867,1.491,5.636212051693286,0.09854777132143513,3.1519629673074885,0.884,4.586608037290899,0.10229177425422889,4.262744511543991,1.467,7.967405062057633,0.06368797150831348,3.1942994367611792,0.5640000000000001,4.67906251278706
2004.02.17.15.12.39,0.14059532065276256,5.0884088755661026,1.4249999999999998,5.085517758915192,0.09783259178630095,3.086379099542814,0.843,4.569029521127247,0.10230856122152608,4.18525034826487,1.423,7.037534214179814,0.06445103632979361,3.179451286209096,0.571,4.6546962947951815
2004.02.17.15.22.39,0.1344781462772739,5.5143137121380645,1.433,5.629167422037324,0.09847599470532463,3.1658429332842997,0.804,4.193915494185599,0.10149850435705321,4.278266843255468,1.4380000000000002,7.556761598198866,0.06251204844805419,3.13733365414104,0.515,4.607111863232576
2004.02.17.15.32.39,0.14053554724361556,5.029423852596696,1.367,4.931136737943592,0.09815760157060557,3.1637862078174974,0.867,4.452024020632394,0.1000392732939013,4.324075863318248,1.282,6.517440386482175,0.0637487856042421,3.119538991546898,0.5389999999999999,4.439300252037554
2004.02.17.15.42.39,0.1395541734739036,5.174915562196098,1.4409999999999998,5.338428665046795,0.09788793342269325,3.184547118747495,0.901,4.668604025243976,0.10223412735909179,4.054553870857543,1.396,6.944843354569494,0.062461751577715545,3.0748764686896286,0.5589999999999999,4.530772718531412
2004.02.17.15.52.39,0.13509444305715124,5.2229778685297505,1.353,5.18896250753589,0.09765580149897009,3.146727406743052,0.891,4.802582056581105,0.1006884854079651,4.046470336613589,1.287,6.475417694071528,0.06339908126983683,3.1478548810501215,0.5589999999999999,4.88966076149573
2004.02.17.16.02.39,0.135658014414925,5.11206565481906,1.487,5.867696084400485,0.09825548599108219,3.0774893057532258,0.889,4.722382626473531,0.09837253461412007,3.6952592128223922,1.233,6.821009569714664,0.06340289196073295,3.161747457041761,0.52,4.163847922954398
2004.02.17.16.12.39,0.13497136089451994,5.25379768583854,1.484,5.897547410980568,0.09729807039172526,3.029043845479537,0.787,4.069967661287535,0.10102531880208297,4.251061799582769,1.706,9.492669870993042,0.06333455470998829,3.1483408649451405,0.567,4.705172419140784
2004.02.17.16.22.39,0.13189689984036773,5.279686743256488,1.459,6.4747541529299,0.098500730932012,3.164874189267554,0.857,4.55834180875178,0.10271749528629787,4.227189643170502,1.289,6.697982637547594,0.06362880790422291,3.1525827692826405,0.667,5.877840750418622
2004.02.17.16.32.39,0.12851723194284104,4.945475243800826,1.3210000000000002,5.337805597191071,0.09651122804457456,3.2033648445705083,0.872,4.579778010863756,0.10041418959816512,4.393695866259165,1.472,8.046671523550938,0.06224557354367658,3.0588706685177995,0.522,4.273396240992986
2004.02.17.16.42.39,0.12589233138504705,4.997542800174501,1.264,5.369667815050826,0.09649110224523295,3.1077010424042975,0.845,4.881279092479942,0.10028723275040735,4.770682337796689,1.6480000000000001,8.784767271349617,0.06210311131937654,3.03733929467766,0.46699999999999997,3.896745184882461
2004.02.17.16.52.39,0.12576345778664455,4.909259789834606,1.3519999999999999,5.589859028785825,0.09838239802034902,3.2612405808351563,1.141,5.885199097101109,0.09998020116503066,4.1119627774915015,1.289,6.911368370417781,0.06269658263900334,2.986605614930162,0.46599999999999997,3.812010000227969
2004.02.17.17.02.39,0.12436039114109293,5.080224099098109,1.45,5.870036217333696,0.09897627013977264,3.240845849684639,0.984,5.476060062018872,0.10113742367094822,4.3739487530013745,1.431,7.484865369548154,0.0635360741220588,3.4133511955040445,0.708,6.956677857540839
2004.02.17.17.12.39,0.12274867278273062,4.849944924138707,1.3210000000000002,5.547921493256335,0.09582777953223232,3.118811994999892,0.828,4.382862694410342,0.10136450628679461,4.6138612334598035,1.418,7.103078053405356,0.061800859937888405,3.1928549745780885,0.571,4.741034352830579
2004.02.17.17.22.39,0.12051210248644377,4.836339404574162,1.565,7.4930233675209275,0.09762511228586693,3.094763641735607,0.813,4.773361987389614,0.10117148527917216,4.201979103829918,1.451,7.363734929305922,0.062252735099301064,3.0808626243569006,0.515,4.192586873230095
2004.02.17.17.32.39,0.11666324734572582,4.4947850896938135,1.276,5.751597141913292,0.09792672094878521,3.106721826775372,0.796,4.16638069820984,0.10481085409784023,4.184391766111852,1.411,8.148011075291846,0.06359618545705002,3.0979082663343376,0.537,4.418504002724734
2004.02.17.17.42.39,0.11792317642053819,4.773545706695828,1.448,7.0639209804640215,0.09707990024330475,3.112255594032169,0.8180000000000001,4.449942767939684,0.10168401720756684,4.232150476301138,1.2429999999999999,6.19566395290998,0.06140422348755316,3.1001285059025006,0.5840000000000001,5.12994028926775
2004.02.17.17.52.39,0.11285861527156722,4.424608230198437,1.206,5.475877924896837,0.09658997561171591,3.125969704942061,0.801,4.752045924984429,0.10054299987676292,4.732820530921734,1.453,7.698198790057026,0.062218006022674015,3.177107724999613,0.545,4.436014871634069
2004.02.17.18.02.39,0.11249116241329249,4.552294876927517,1.162,5.182629350544518,0.09659858953421628,3.0393028347271493,0.845,4.730917937866221,0.09926119392361057,3.949607711638931,1.162,6.004360580819425,0.0601560194800778,3.0562842485185913,0.51,4.5049523280001695
2004.02.17.18.12.39,0.11132827171042965,4.330958797460964,1.175,5.793676575503453,0.097042120465967,3.150147682118178,0.9480000000000001,5.7912996676231465,0.1017398636401466,3.8556466526135247,1.185,6.1234601434453255,0.061193554188482546,3.083526358796267,0.544,4.788085998363967
2004.02.17.18.22.39,0.1111174328659493,4.386685689110448,1.1989999999999998,5.42669124409535,0.09665850304519256,3.134527357347266,0.8400000000000001,4.727985491212607,0.09905899343162891,4.166895038819944,1.35,7.763050818104348,0.06103952156889317,3.0883074647999624,0.5469999999999999,4.63634040251426
2004.02.17.18.32.39,0.11086750498730173,4.609342833019385,1.213,5.502063026220953,0.09698444775049632,3.1675075156523476,0.8280000000000001,4.557431735210742,0.10229630197830955,4.128701905851846,1.226,6.158580396518952,0.06308577176835817,3.0646725009671014,0.517,4.137224491100058
2004.02.17.18.42.39,0.11017193970711474,4.368957007577342,1.224,5.654797416258685,0.0981181782561054,3.122841667270905,0.823,4.402853861314112,0.10374053444207874,4.0192467875779245,1.42,6.843997901287206,0.061198478410542406,3.1161822313671106,0.63,5.261568724632383
2004.02.17.18.52.39,0.11003507652747033,4.273868225323242,1.096,4.9893181095115775,0.09768253221333574,3.1476536520101037,0.9790000000000001,5.528112219906996,0.10050128919998676,4.243647961194539,1.262,7.432740474737098,0.061137695991047535,3.079614696789948,0.483,3.990991090598658
2004.02.17.19.02.39,0.1070069605194418,4.222080773556619,1.101,5.205268865652906,0.09725610269653391,3.1449322048971737,0.913,5.120501297012677,0.1010439604013706,4.506073267550549,1.48,7.660032296096553,0.06243295231811683,3.161111870734997,0.545,4.420742408491072
2004.02.17.19.12.39,0.1072848457833893,4.073305002899736,1.028,5.005366751276466,0.0969044640173216,3.0731897445335465,0.827,4.303207331351232,0.10025613681341407,4.288714744315886,1.419,7.331222041478647,0.0618798632874116,3.1848205454723333,0.637,5.559159017566557
2004.02.17.19.22.39,0.10781778904599011,4.233151279632829,1.306,6.631558728170671,0.09791364528804833,3.267769871492094,0.9199999999999999,5.086114387172016,0.10120064455814684,4.408928306143009,1.4020000000000001,7.144223272062126,0.06055452290407897,3.0873099871938363,0.5489999999999999,4.756044407388109
2004.02.17.19.32.39,0.10573701784786337,4.1528874123752,1.087,5.428562405891598,0.09817543588361348,3.146925539715038,0.827,4.797534085393502,0.0997315383232813,4.135257256650955,1.443,8.32234229967999,0.06052132001023482,3.0456145602126194,0.5249999999999999,4.75865364389435
2004.02.17.19.42.39,0.10385260668859317,3.9432393234140064,1.169,6.229983248663746,0.09956265620083479,3.2049736244365907,0.915,5.293149260069473,0.10312011423085399,4.20606705412793,1.272,6.5069749486297015,0.060761754183732836,3.0881395871055553,0.503,4.460042400694091
2004.02.17.19.52.39,0.10678984226112637,4.175502397338435,1.218,6.0773570431262725,0.09873316485253004,3.096635301378294,0.962,5.560441628909578,0.10164696751924956,5.113214419201444,1.5430000000000001,8.696767071113962,0.06149111105095801,3.0332480573569223,0.503,4.163203357764205
2004.02.17.20.02.39,0.1052975265226913,3.8799226510924183,1.0430000000000001,5.033356599176968,0.09881159372607802,3.1391556020157725,0.8640000000000001,4.645203894518931,0.10503195128633774,4.217724144306142,1.499,7.949961795183885,0.061091909339279535,3.1917828582938976,0.515,4.468676833848316
2004.02.17.20.12.39,0.10424662858007687,4.033177650962855,1.009,4.968985635848158,0.09745142845645273,3.116150472440105,0.9470000000000001,5.130761117816047,0.1019748693287193,5.025430898022223,1.587,8.090228557592809,0.06164440379735415,3.1682750617593705,0.5640000000000001,4.7855114467448505
2004.02.17.20.22.39,0.10346354326600385,4.000355245197536,1.005,5.045255396463107,0.098831180288741,3.0354577806790757,0.879,4.472272806098961,0.10352038668293495,3.972284784901362,1.384,7.2642696196957415,0.06028390068368689,3.1004705645617707,0.501,4.46221954699744
2004.02.17.20.32.39,0.10303147274012928,3.9084447005643224,1.042,5.376997778118967,0.09799224648457526,3.134308029151257,0.948,5.010600507840048,0.10046916358779569,3.9383727013887295,1.206,6.589086405815518,0.06141357939719033,3.081793606598913,0.515,4.249874418033689
2004.02.17.20.42.39,0.09932441224184264,3.771792725410825,1.0150000000000001,5.356185735130714,0.09717759344606529,2.9970731311244005,0.8200000000000001,4.49692140444433,0.10096477161575652,4.1741823810166885,1.2639999999999998,6.814257973249661,0.060392229926927485,3.0751566966445303,0.55,4.818500663944682
2004.02.17.20.52.39,0.10277105523892355,3.9268405707904264,1.03,5.2738584686121115,0.09857881869901744,3.104023986097567,0.813,4.412712647005332,0.10027067566560774,3.9611050070039986,1.169,6.691886691156996,0.061284527497133194,3.1347643796283804,0.493,4.095650407221324
2004.02.17.21.02.39,0.10151048547864094,3.9667239500366183,1.3079999999999998,6.826880954537605,0.09958771259548037,3.1642723969756563,0.966,5.46252128723648,0.10045462089607925,4.450088446333304,1.587,8.332120439396016,0.0602758296066145,3.201437452871818,0.596,6.03890485416157
2004.02.17.21.12.39,0.10050111138028213,3.6652145802848772,0.966,4.8059170029711975,0.09751962793218219,3.1549883604599427,0.8939999999999999,4.809288242220893,0.10096324894098223,4.276474319233366,1.4009999999999998,6.962929653847971,0.060428487484044925,3.116678919565579,0.5640000000000001,5.096933794368458
2004.02.17.21.22.39,0.09937990578496302,3.748812469695607,0.871,4.739388675001804,0.09826409428963613,3.088556674329143,0.835,4.620202356537501,0.10213947672216715,3.95732830583075,1.282,6.863164199546591,0.060776680821188526,3.099027942360119,0.571,5.265177296231002
2004.02.17.21.32.39,0.10260710653042934,3.822224431102688,1.021,5.2140638021143255,0.09864695350362765,3.1700693692860598,0.852,4.358979012810438,0.10243880461722622,3.973405527573385,1.467,7.340968130289396,0.060415977456557385,3.0585149476580806,0.483,4.038666761213128
2004.02.17.21.42.39,0.10001234542935812,3.6527158309279764,0.918,5.4193309603246105,0.09830597686758738,3.0550091390010405,0.935,4.943748238773057,0.10105671099877843,4.127578524754433,1.416,7.589797772156581,0.05931685804590041,3.0741170872187027,0.538,4.905856607826719
2004.02.17.21.52.39,0.10276615596829532,3.641151157867628,0.992,5.040569972859641,0.09899837090278935,3.0652204267645997,0.9790000000000001,5.4041293318385915,0.10048632063502785,3.9088956483277792,1.184,5.980913583082287,0.0605253752150441,3.0517844237913874,0.503,4.361806912588632
2004.02.17.22.02.39,0.10079244075465804,3.688527101475187,0.952,4.792026032742724,0.09662674971127624,3.0960756181897144,0.857,4.522557172892286,0.10206096906383949,4.22034461102305,1.5819999999999999,8.112797748197776,0.060373340023116784,3.088999778411226,0.51,4.4059182397089405
2004.02.17.22.12.39,0.10071724420996635,3.869373249003878,0.981,4.964393177375311,0.09899175954104084,3.1711091781393144,0.96,5.232758791253157,0.10520409201434372,3.9084041716740527,1.3519999999999999,6.539669577740348,0.06041194036829557,3.1052811373854743,0.523,4.369997030231929
2004.02.17.22.22.39,0.10212575566772138,3.8122074071808982,1.0670000000000002,5.356141518107649,0.09780585815109377,3.0771448024579593,0.801,4.1204075872166275,0.10123136450802316,4.143312199598247,1.275,7.477919552689656,0.06066069543537335,3.066592960822993,0.525,4.5828686599245385
2004.02.17.22.32.39,0.10275559452911188,3.7643725473661327,1.1280000000000001,5.916952773094475,0.09729674477066923,3.163358965085007,0.9299999999999999,5.365030466644764,0.10030183768295636,4.211267602730654,1.208,6.251131728831146,0.060164619141854246,3.0501951973183092,0.523,4.670519052692199
2004.02.17.22.42.39,0.10324720860141631,3.8305410434162077,0.9690000000000001,5.133310693619369,0.0977318572317581,3.07622563373426,0.766,3.97004631846819,0.10013081921681881,4.48573608183154,1.447,7.360371220015019,0.06013083432256803,3.010743415545312,0.503,4.506839179151212
2004.02.17.22.52.39,0.10473901018200549,3.8673107336548807,1.0250000000000001,5.337075450957795,0.09749007236116083,3.1823057311897327,1.004,5.313361529582437,0.10185166191651589,3.9886892705428507,1.355,6.882558289275479,0.06124722291217068,3.0695627491527575,0.546,4.457344954096704
2004.02.17.23.02.39,0.10546040777193058,4.039995382971591,1.048,5.072993849568596,0.09830017926810014,3.17880843379599,1.069,6.429286342157194,0.10216307429790863,4.080368502113481,1.321,7.194380210767072,0.060727893917123243,3.0997795691092973,0.5389999999999999,4.660131971416901
2004.02.17.23.12.39,0.10417618977302347,3.9779203766262876,1.084,5.346711193926155,0.09730129842803358,3.0469643019082877,0.9179999999999999,4.8406342732246594,0.10208095051959683,4.1184627584878895,1.3399999999999999,6.9356720954913404,0.06027451564573642,3.170308153514206,0.533,4.4629143364842285
2004.02.17.23.22.39,0.10512936366909462,3.86772982204523,1.072,5.203113392008519,0.0984539338960581,3.1819856794003014,0.877,4.489409234440929,0.09996510572835528,4.643613838630125,1.592,8.743050823904529,0.06049026466416414,3.19619044985615,0.547,4.595780850743967
2004.02.17.23.32.39,0.10303119336706057,3.9835885532070137,1.125,6.134064639515789,0.0965110411024951,3.13203474217216,0.884,5.3154540054665045,0.09999361722794173,4.071030684728277,1.267,7.180458312286812,0.0601138393520213,3.153691586557039,0.581,5.522854696667061
2004.02.17.23.42.39,0.10615366979680035,3.9646319369650564,1.079,5.5202990261356275,0.09750544130449529,3.074346846118322,0.864,4.481801160566134,0.10431623462645027,3.935378552276854,1.3079999999999998,7.017124444926956,0.06012295913246245,3.1112575674239946,0.545,4.6737553183452425
2004.02.17.23.52.39,0.1057892064492965,3.8522948759061766,1.03,5.028868424823484,0.09908416043752591,3.089245213680455,0.886,4.632425586220783,0.10080511902420618,3.9225664919303886,1.191,6.418324845632461,0.060029770039669694,3.1259436211901046,0.511,4.39781794642125
2004.02.18.00.02.39,0.10624512879458581,4.061652623767634,1.021,5.035524979543941,0.09855168204147062,3.124852925317846,0.9590000000000001,5.448917652912611,0.10305734546881229,4.3832651039394825,1.564,7.694745060554481,0.05959979321744749,3.111168540413425,0.473,4.010081027093801
2004.02.18.00.12.39,0.10636952169904862,3.943261495800948,1.013,4.954426715305176,0.09782984545684091,3.14609270354302,0.889,4.640710591741544,0.10250634626885607,4.490104735678901,1.426,8.048282179877628,0.060556254918593046,3.1559679786571007,0.502,4.508204814960886
2004.02.18.00.22.39,0.10593802474980656,4.036557385967377,1.0619999999999998,5.437141209309283,0.09603586671297605,3.074555043468718,0.843,4.477493823064543,0.10043708166333226,4.129627955470211,1.245,6.3422790611861934,0.05993783563513951,3.0678115327026396,0.515,4.437931353064295
2004.02.18.00.32.39,0.1089140454078783,4.007167887596794,1.126,5.922101209118654,0.09768376687324704,3.14570868917981,0.905,4.719310226828031,0.10168782532023869,3.917440447221663,1.333,6.844477181099443,0.06091361591233626,3.0987919461089892,0.52,4.366839761783532
2004.02.18.00.42.39,0.1074263562701648,3.907268740243002,1.045,4.9987732865993095,0.0974449874849266,3.0823115217734562,0.9259999999999999,5.315819862772598,0.10052491067399973,4.387071750770867,1.443,7.261881608304785,0.05963819585045204,3.08152481695515,0.508,4.426693266543524
2004.02.18.00.52.39,0.10872704274567,4.060751117656622,1.094,5.095328503469877,0.09818682740659196,3.1267719210186935,0.859,4.501622179619641,0.10080440455910458,4.617073393103869,1.57,9.007542914135394,0.060185447865456855,3.2265745743061838,0.52,4.386442393685693
2004.02.18.01.02.39,0.1102030913263808,4.030564302451337,1.052,5.362825968735092,0.09791961761399946,3.1130007978588097,0.879,4.534331432443439,0.10299267955061478,4.1882472100012365,1.3399999999999999,6.874274978466407,0.060400201779464285,3.0745208732678666,0.484,4.453627505785228
2004.02.18.01.12.39,0.10984870721388805,3.9164351948112492,1.1280000000000001,5.735160804153276,0.0982895351237544,3.174769651457784,0.918,4.720746714447136,0.10292426225028589,4.259329942013501,1.438,8.093329811530285,0.06191003151310073,3.1374006631276883,0.593,5.6372124431264155
2004.02.18.01.22.39,0.10855998823195347,3.893567153208693,0.9670000000000001,4.6794404483039145,0.09687040210862914,3.115798812487155,0.835,4.531827993319481,0.1018289950764577,4.799288776322101,1.714,8.416070485194581,0.05937456866619643,3.0914674540874665,0.479,4.075819082754486
2004.02.18.01.32.39,0.10971438572742807,3.8486574602590657,0.981,4.557287512343081,0.09718611383657776,3.1461206234340864,0.894,4.702317871959191,0.10101354478716579,4.676000732176803,1.553,9.018592525581248,0.05924896491711902,2.9939420518471582,0.539,4.692065091582325
2004.02.18.01.42.39,0.11021514449553597,3.906351215034002,1.013,4.609166937313007,0.09628764660470146,3.074391289535367,0.906,5.296629609130961,0.10132842256124389,4.228029279311611,1.416,7.608921371829312,0.058725126882312906,3.188091693725915,0.51,4.359292411798998
2004.02.18.01.52.39,0.10842924185053242,4.012676124196821,1.17,5.85635377655167,0.09828338357183337,3.0416103370974725,0.806,4.1716105520557205,0.10334510955977488,4.610572777297929,1.514,7.489469054675663,0.06042820548037253,3.1859548155342226,0.5449999999999999,5.014214762647822
2004.02.18.02.02.39,0.10878737571627682,3.832382817194703,1.0030000000000001,4.982195741292303,0.09697353985309924,3.07331856558196,0.808,4.227957447166414,0.10168625681093169,4.762321418455141,1.65,9.844004798614913,0.05918968861449813,3.086355058636874,0.5469999999999999,5.11913488806194
2004.02.18.02.12.39,0.10945516459555768,3.8226663722894187,0.976,4.613761277195099,0.09760834975249941,3.0930785097380618,0.9610000000000001,5.347903138651654,0.10377837643755863,4.237084978530329,1.4060000000000001,8.277254178444803,0.059722285347996354,3.102179386217759,0.495,4.286507097113099
2004.02.18.02.22.39,0.11022510370295927,3.827330104676761,1.0230000000000001,4.853703757374071,0.09704573588528054,3.0743958511390144,0.852,4.523640281515816,0.10253507950597628,3.981145683564762,1.267,6.475832497514167,0.05948587058140887,3.0450936174279195,0.469,4.152246534947661
2004.02.18.02.32.39,0.11007236278388924,3.908852563452652,1.142,5.541808902545724,0.09963554533664805,3.1375769579042783,0.892,4.586716502186954,0.1028840527988303,4.277481337756282,1.4649999999999999,7.406395639273099,0.05946809067553582,3.048715230838257,0.45199999999999996,3.9853305748976706
2004.02.18.02.42.39,0.11049097592889091,3.880006725401704,1.1179999999999999,5.258347979240551,0.09889520623572333,3.1149727038919695,0.8959999999999999,4.7423936695385125,0.10216876261699316,4.243904124249265,1.403,8.192327855997606,0.06094484771406542,3.082300415084849,0.495,4.200519151365734
2004.02.18.02.52.39,0.11108235613161074,3.9103188476473094,1.128,5.077313982535362,0.09789070356142099,3.202423343765456,0.8520000000000001,4.7604111835564735,0.10067023706567585,4.138116894663711,1.316,6.764660736377577,0.059036936432044385,3.1498474489157684,0.5489999999999999,4.878301914116224
2004.02.18.03.02.39,0.11181097024177122,3.782117736060757,1.018,4.713312109361512,0.0988825502312434,3.073306823868254,0.845,4.298028307381933,0.10296686526158244,4.470107425020358,1.6139999999999999,8.818370819518192,0.06025036063818415,3.0638326754322334,0.515,4.531093210203693
2004.02.18.03.12.39,0.11377855346468255,4.0525077600426584,1.275,5.7743746953500885,0.09871752630612256,3.0987673656982726,0.9470000000000001,5.439763536362993,0.10118054354755229,4.140719403347917,1.3940000000000001,8.371174637957262,0.060396708538990346,3.1468595429706254,0.5660000000000001,5.132730036105744
2004.02.18.03.22.39,0.11121312854576793,4.003708777126352,1.162,5.5748813841240805,0.09814450318718504,3.211735851877763,0.958,4.880558609445833,0.10074085600370575,3.9153770750013566,1.26,6.372786826194767,0.06018157827177059,3.076196516982592,0.528,4.4698063381661095
2004.02.18.03.32.39,0.11279849657720675,3.9866371510161294,1.091,5.106451038607128,0.0993014549494524,3.034726720847064,0.881,4.471233580877643,0.10399140401675035,3.727248661249077,1.121,5.404292838564582,0.060034309851742275,3.1163423640658237,0.481,4.064342550161236
2004.02.18.03.42.39,0.13760685088379956,4.4340807064842025,1.27,4.774471589025722,0.09896345773464504,3.131760872668667,0.894,4.6885993135379636,0.10358456548652048,4.236106554362941,1.596,9.25813605044079,0.060879668872549315,3.1408120774767663,0.51,4.205016300859524
2004.02.18.03.52.39,0.137160508627495,4.42773658279896,1.3199999999999998,5.052474702336313,0.09959450869455291,3.0386560598044827,0.825,4.437995686645464,0.10367453486602918,4.077858300127779,1.274,6.684380121844885,0.06169674528616765,3.0998923474806888,0.52,4.360035505151834
2004.02.18.04.02.39,0.13582555879463556,4.525367831016911,1.428,5.426077437416056,0.10013948645787472,3.076728767144763,0.864,4.313982578507907,0.10435238480669116,4.051832629654935,1.381,7.225517666862682,0.06254289855895911,3.1539375124899434,0.5269999999999999,4.5248942169384145
2004.02.18.04.12.39,0.14128292273948928,4.318024300451532,1.338,5.046611339678302,0.10231102434794112,3.2493025137888756,1.0230000000000001,5.180282412162806,0.10414035516656717,3.895716441094786,1.201,5.85747954310638,0.06158937468605076,3.149743824759929,0.5569999999999999,4.6761312558873644
2004.02.18.04.22.39,0.1392439846307889,4.654183388336603,1.37,5.558588416241409,0.09884179648520092,3.104396333263117,0.859,4.643784475009252,0.10292534342113888,3.7743705611191114,1.177,5.742026019595675,0.06107204697629678,3.181547321173653,0.581,4.797612238438951
2004.02.18.04.32.39,0.14149214397499468,4.352631085865879,1.292,4.608029687607428,0.10148051426451596,3.1262912600527017,0.865,4.720117980004058,0.10497202380277328,4.24128194887959,1.3599999999999999,7.068550010944887,0.06234967586185292,3.1506043371472074,0.5489999999999999,4.779495576853893
2004.02.18.04.42.39,0.1454615141527455,4.437992035095246,1.5070000000000001,5.424115131728183,0.09948547981167591,3.143756270070528,0.972,5.498289811090628,0.1048675541158942,4.136607179992562,1.479,7.609598666886916,0.06316765614777174,3.222232828135819,0.55,4.796758633740891
2004.02.18.04.52.39,0.14226609709559232,4.485791600312256,1.304,4.70245556501407,0.10112933589283082,3.0574472177371,0.889,4.855168835681116,0.10528017632652288,3.8441526240555257,1.289,6.743909677715196,0.06178534974700212,3.1918214527205926,0.593,5.454367441148159
2004.02.18.05.02.39,0.14848516833288014,4.621274429280503,1.3639999999999999,4.667132803772052,0.10026334197572224,3.116912595277187,0.833,4.238837361943405,0.10264506788412925,3.9687330804249585,1.44,7.608743567510042,0.06270027092931398,3.1415711304344955,0.605,5.486419674132081
2004.02.18.05.12.39,0.14734120640036724,4.7901524761320955,1.3940000000000001,4.886616701396884,0.10118376064353782,3.282364785012159,1.186,6.898340164080255,0.10397754415016734,4.216493440598953,1.521,7.415062610889326,0.06268633473493246,3.1654347534807488,0.649,5.567401595191957
2004.02.18.05.22.39,0.1502073183189238,4.604501405928648,1.391,4.646910735187945,0.10007888538938296,3.1176705791549164,0.904,4.566397779331,0.10309434274420384,4.647115879468579,1.76,9.777452119764076,0.06285914856720341,3.1378132826180924,0.518,4.3907689857575045
2004.02.18.05.32.39,0.15236047087725052,4.811270939510089,1.44,4.791268993833222,0.09972861294650787,3.105078124470948,0.779,3.9206401096716688,0.1058566263480793,4.287101480592945,1.7389999999999999,9.597887586736176,0.06130706684642889,3.1172707486417646,0.5589999999999999,4.7792206522284
2004.02.18.05.42.39,0.15797473112440522,4.739843361269459,1.5550000000000002,5.595831647935197,0.09972532858862575,3.2141207570952393,0.915,4.8934408831384815,0.10557545574359957,4.082067373264672,1.455,8.051113717797335,0.06286421689343628,3.1475516652706137,0.512,4.151805476912753
2004.02.18.05.52.39,0.15642608499978314,5.043003855422814,1.56,5.2293068640127,0.10072575216119015,3.0675797474151456,0.928,4.606567735105782,0.10442341925201094,4.20147066978014,1.511,7.833491814952681,0.06299819565868534,3.1843564579445065,0.495,3.9842410941399007
2004.02.18.06.02.39,0.15855086181175426,4.7222144144207405,1.514,4.850178619104735,0.1023182506401595,3.1852685469134223,0.925,4.701018606070748,0.10426918335566002,4.008234109341119,1.462,8.21911107787994,0.06360781747049159,3.194536243861651,0.669,5.5653536637100425
2004.02.18.06.12.39,0.16185369038067607,4.678069880365347,1.4140000000000001,4.646171478891298,0.1010044903956162,3.120888882318623,0.894,4.544352416433968,0.10456727845103482,4.006975935544368,1.394,7.918347041878146,0.06355827788337251,3.1506438224728712,0.513,4.263803378959963
2004.02.18.06.22.39,0.16324842971583986,5.014789019504225,1.584,4.918883455098164,0.10213356231318503,3.211638401084263,1.036,5.6690473423862295,0.10459622420139028,4.25657142014771,1.4889999999999999,8.212533545628526,0.06308433947279428,3.1289239651508702,0.503,4.375095345478376
2004.02.18.06.32.39,0.16117788570347902,4.797566551405458,1.673,5.8941088341841565,0.10116742726709892,3.076771293673543,0.9179999999999999,4.685302501056597,0.10767863383045752,4.051683985304882,1.3679999999999999,6.510112313495179,0.06486823972785623,3.1965242625093797,0.639,5.82719681597397
2004.02.18.06.42.39,0.16386026151185765,4.938961605684273,1.4969999999999999,4.827283886293321,0.10219494430070893,3.1618184922196932,0.855,4.491415922194656,0.10488197375130175,4.376869047234581,1.423,7.33205118568295,0.06330607152087586,3.1604220950393347,0.554,4.438752764927725
2004.02.18.06.52.39,0.16414073566155243,4.715053802952214,1.487,4.569249656261145,0.10162436313030761,3.2477668454433717,0.9079999999999999,4.831518593335895,0.10564900892075373,4.300355383293087,1.4769999999999999,7.43972904269808,0.0639016230751663,3.0801773934788335,0.508,4.053105187881427
2004.02.18.07.02.39,0.16522868178726188,4.982821654695033,1.5350000000000001,4.666260068531512,0.10338824969879919,3.111469583237569,0.8540000000000001,4.39121468177126,0.10429441991492462,4.002918067935131,1.374,7.5363571765503705,0.06424628249520065,3.2818742384535207,0.637,5.510046437728823
2004.02.18.07.12.39,0.16665703036921176,5.070871004476122,1.724,5.274304948628117,0.10208670894185064,3.2063016336098036,0.9520000000000001,5.377781355579938,0.10538059440776738,3.7295235007311707,1.274,6.092203252486869,0.0637676285368897,3.2284226537740364,0.5640000000000001,4.437988466770156
2004.02.18.07.22.39,0.1676587770662298,5.181972050930778,1.604,4.83720574724002,0.10279294124370239,3.170765033330125,0.896,4.776592575903952,0.10575382630119702,3.7785644058257715,1.304,6.2125411720688115,0.06528250432614967,3.1931899643253585,0.586,4.564775862629286
2004.02.18.07.32.39,0.16649171030297388,5.246652075464767,1.682,5.411680848015808,0.10103410745456519,3.111809048209701,0.859,4.275783800973047,0.10489182136588689,4.013979374546795,1.263,6.358932386857409,0.06481384626735825,3.228779895820561,0.5549999999999999,4.412637367951363
2004.02.18.07.42.39,0.16421813585161088,5.048758309317642,1.572,5.230847345485646,0.10003457629778878,3.1272674204847037,0.903,4.928295977706836,0.10635595727761328,4.066437708426887,1.445,7.484301024363484,0.06312559753739465,3.1470394549578398,0.601,4.910844603353825
2004.02.18.07.52.39,0.1702835500051128,4.76396827803906,1.516,4.803752329426062,0.10184506342164737,3.072526620480208,0.8939999999999999,4.722860233378405,0.10627243237459327,3.891770130583646,1.3719999999999999,6.775040185982715,0.06451824778211974,3.20008477150746,0.5569999999999999,4.463853404273865
2004.02.18.08.02.39,0.1736250683382695,4.948658001914128,1.694,4.935923183225637,0.10353858566111054,3.1749102684417334,0.882,4.365522255436534,0.104766751019303,3.8534951073726247,1.218,6.290163564188232,0.06513841445037924,3.1694293667658284,0.527,4.191075301778559
2004.02.18.08.12.39,0.17298654888097514,4.853814793992822,1.499,4.4049667730194475,0.1016475355548525,3.1760933716387703,1.018,5.4797196701283895,0.1058536848101691,4.527576038038344,1.597,7.567048813052278,0.06488703073660021,3.238502275429783,0.5860000000000001,4.70047706818493
2004.02.18.08.22.39,0.173294136130417,4.950176909986791,1.665,5.014595527606378,0.10286692684566734,3.057907872687519,0.909,4.607895020633295,0.10626656212827486,3.8578493805596445,1.374,6.888338018467177,0.06573763288218648,3.185215309095766,0.5740000000000001,4.639655956986072
2004.02.18.08.32.39,0.1684884876155768,4.923412204252612,1.591,4.866801356012592,0.10208412752135797,3.1254097208948006,0.899,4.476699866043199,0.10812337449103282,3.8404071126795825,1.355,6.326106664907387,0.06469622752115266,3.209385367423956,0.588,4.7143397951647055
2004.02.18.08.42.39,0.16292540036465883,4.854188484898926,1.48,4.57264489350675,0.10207626471594353,3.0822866542279157,0.918,4.545620877597873,0.10458972673020998,3.8194387599930493,1.206,6.578083923813104,0.06374877641288988,3.1585968045844584,0.52,4.360868014147311
2004.02.18.08.52.39,0.16105745377960237,4.866960290933977,1.404,4.669141243404156,0.10135457610614457,3.2453243100642304,0.8979999999999999,4.647052142043795,0.1056107305912407,4.480136956383118,1.538,8.341955358777431,0.06451326890829805,3.179647441318164,0.615,4.882716460202236
2004.02.18.09.02.39,0.16325168287919922,4.885574563629949,1.509,4.771773168037931,0.10210787082863029,3.1488915186527997,0.9199999999999999,4.7107044353835565,0.10521112795380773,3.792097603357473,1.24,6.567746334811457,0.06473797245917576,3.130208204595619,0.5640000000000001,4.495043464382619
2004.02.18.09.12.39,0.16558045303048682,5.042238958693524,1.506,4.777133928087275,0.10367823878358286,3.176505375004224,0.891,4.658643951390903,0.10678196585763851,3.853051578002582,1.291,6.283832617340796,0.06595632432716365,3.1454168487302163,0.567,4.51814140705944
2004.02.18.09.22.39,0.17137651092286174,4.970578974050627,1.558,4.732270458960617,0.10304889639791454,3.1767583689242183,0.877,4.667687057439795,0.10662278880144185,4.062661326043119,1.399,6.734020072735993,0.06487256626275567,3.2237748629619043,0.593,4.701525121800294
2004.02.18.09.32.39,0.1615881583228061,4.656941557838855,1.5259999999999998,5.074629282932222,0.10167463905302296,3.1284673136296433,0.913,4.514400093032375,0.10507862685753762,4.346849116225784,1.702,9.202632627765768,0.06527714092201899,3.242324227209541,0.625,5.346435139016282
2004.02.18.09.42.39,0.1604859989512325,4.985390302185132,1.557,4.866468134938834,0.10085834405940963,3.0761742052738796,0.8520000000000001,4.55093730003767,0.10605886047269047,3.8485290311045603,1.3719999999999999,7.024401324694914,0.06470046858227245,3.254848660196089,0.539,4.296723131865701
2004.02.18.09.52.39,0.16264127827950267,4.73718572083649,1.5550000000000002,4.832721485681153,0.10152703347084768,3.179826833083092,0.913,4.8361503652225295,0.10557206837555921,4.130492836406719,1.428,7.861927996403182,0.06483377897735389,3.078093274961934,0.493,3.9177108600860815
2004.02.18.10.02.39,0.159670972878849,4.930010577515094,1.587,5.135560867548407,0.10162282727535925,3.047824557292663,1.0550000000000002,5.382648905425922,0.10633870768423474,3.7517987883231596,1.287,6.385257210537507,0.06479778604375211,3.15931737235647,0.55,4.4908941765929145
2004.02.18.10.12.39,0.16523961989311728,4.697910946903175,1.506,4.563070288395201,0.10420530202779092,3.1316747113470877,0.9299999999999999,4.567905766186961,0.1081128176843812,3.931950321971721,1.42,7.131439328968526,0.06531158903371878,3.1325764912906573,0.579,4.823033777931405
2004.02.18.10.22.39,0.16352310019344363,4.797294405900856,1.478,4.586507955834798,0.10167927661509375,3.1015756409732185,0.94,5.094450090954971,0.10451414681642685,3.6982863942568316,1.279,6.774202551196841,0.06421928337673877,3.215869965551311,0.595,4.671494047046073
2004.02.18.10.32.39,0.16181308058026397,4.862280530243457,1.447,4.523738114218194,0.10227194355957613,3.167459489574035,0.813,4.27292163217213,0.10593491815622282,3.8091813822466363,1.3860000000000001,8.155950984224619,0.0648616357110224,3.1934451586864707,0.571,4.702317427806854
2004.02.18.10.42.39,0.16014388473606908,4.802440263738227,1.5990000000000002,5.001752026436208,0.10125439202472589,3.1196842681696966,0.913,4.770163450115364,0.10437983404786279,4.055558866398109,1.248,6.246417288812982,0.06362880636944244,3.250698391628837,0.669,6.286460847269624
2004.02.18.10.52.39,0.15362154742738524,4.989785664781739,1.553,5.135998258141159,0.10282437288968141,3.126049430695207,0.913,4.6973298881015575,0.10591788811828483,3.7416997051893457,1.25,6.316213548866154,0.06507993469872742,3.0759450249223517,0.567,4.578984311823951
2004.02.18.11.02.39,0.1511838291462169,4.909744086045934,1.521,5.099751768122834,0.10032553458928091,3.051966698749076,0.825,4.256144776582351,0.10775322623324034,3.8364502515346244,1.487,6.913946115983468,0.0636869817201679,3.1527147494431804,0.586,4.710538824373244
2004.02.18.11.12.39,0.14981626670535897,5.010027807180683,1.591,5.439996723472266,0.10109741903117817,3.0563995269679234,0.889,4.876484530707556,0.10579487403033169,3.8817826624923075,1.389,7.126999364674568,0.06368231777861301,3.1941227331478865,0.581,4.679477920950923
2004.02.18.11.22.39,0.14933519507564602,4.85158753127257,1.6429999999999998,5.544573732806757,0.10156423796589896,3.08428446622488,0.967,4.903300708731824,0.10556164196291308,3.9684537535209836,1.281,6.51751893212986,0.06542790865119218,3.1003339770965317,0.518,4.294803330763039
2004.02.18.11.32.39,0.14981858169758183,4.824710659518746,1.572,5.506660059466549,0.10211447959696693,3.0792572084009127,0.872,4.8768793805300055,0.10704538729625976,3.8805006103881934,1.46,7.13715947316391,0.06412816527884803,3.112840522359794,0.5569999999999999,4.459818844908291
2004.02.18.11.42.39,0.149862981364958,5.143778797343131,1.572,5.324864037347878,0.10122671245502901,3.0667637674551598,0.838,4.198496520261987,0.10635503057823299,3.8635927922953694,1.377,7.625403289254305,0.06471583052625629,3.1528123465272038,0.581,4.604746591007534
2004.02.18.11.52.39,0.16718367533592543,5.348869356891683,1.689,5.269653261478966,0.10372376786219854,3.098851051335605,0.9279999999999999,4.569830134108985,0.10760341909428923,3.7630665091769964,1.333,6.533249648730816,0.06747466755545187,3.132455751825018,0.5780000000000001,4.772161340926575
2004.02.18.12.02.39,0.16999917035068693,5.207939092072202,1.724,5.2412020491745865,0.10334955263230158,3.2046518141122564,0.947,5.476559748775326,0.10739963701637915,3.6967065825452257,1.303,6.247693368811555,0.06627456281094013,3.1243708100369685,0.508,3.9079850400347893
2004.02.18.12.12.39,0.16036722810961876,5.159949000136546,1.7970000000000002,6.179566808516535,0.10487106271475405,3.0223192129712095,0.796,3.957240341206294,0.10904663141182136,3.921219693270702,1.4649999999999999,7.794830422499915,0.06704971518687178,3.1312152846981967,0.583,4.623435000969214
2004.02.18.12.22.39,0.1594284300757122,5.31220788440817,1.668,5.268821875753815,0.10464218515523507,3.0908479983773813,0.901,4.386376290967936,0.1078707220508941,3.644235818733036,1.291,6.581952790350448,0.06839067961786716,3.151303066941563,0.5589999999999999,4.211100132491732
2004.02.18.12.32.39,0.15939881317194618,4.9357105328770965,1.624,5.26980084283236,0.1039525538275305,3.105267562588921,0.825,4.579012082663596,0.10823523214977472,3.681497691413179,1.221,6.023916492346684,0.06743122509036523,3.0989184047297216,0.567,4.315508128615906
2004.02.18.12.42.39,0.15437217640383338,5.01635954842244,1.5699999999999998,5.363660857083304,0.10496034430656716,3.174475468255777,1.025,5.649752808241285,0.11001673501073314,3.845896754520095,1.456,6.817144681914352,0.06729447733423227,3.209831461170287,0.613,4.859239761620931
2004.02.18.12.52.39,0.150218535631478,4.959021613287548,1.499,5.219062991822391,0.10534650137314717,3.011931357783806,0.8049999999999999,3.9583659121525727,0.10835955884988009,4.0133575991621155,1.509,7.548941770178729,0.06703389964168782,3.113689364068246,0.5389999999999999,4.475347571953467
2004.02.18.13.02.39,0.15378793961521742,5.324669326576154,1.7349999999999999,5.982263643702301,0.10551740775741104,3.0627632979421437,0.847,4.368947359471324,0.1095294258050662,3.9482614002738274,1.482,7.559612349959946,0.0670020208708756,3.1563281103437584,0.556,4.477476889512803
2004.02.18.13.12.39,0.15559491551581947,5.143193923902857,1.584,5.520745952091633,0.10551403958160319,3.067116619165637,0.935,4.7671381173022604,0.11024427998554506,3.785560587515338,1.403,6.485597258141183,0.06827930238927185,3.2387480406573137,0.593,4.5401752676475455
2004.02.18.13.22.39,0.15190021604581616,5.4133470314032275,1.714,5.674777972270977,0.10556999191701862,3.0696058184570485,0.901,4.5088570279909765,0.10917646691359074,3.7262371229562823,1.326,6.109375205628394,0.0677733588796374,3.1111540380046856,0.5640000000000001,4.500293404989224
2004.02.18.13.32.39,0.1502383227185436,5.702736207714875,1.565,5.4779631794865535,0.10690322658140691,3.0144733399976245,0.855,4.480687957862909,0.10902874320885811,3.8678310940174057,1.436,6.988982699179558,0.06812220751157438,3.1692823403477193,0.5740000000000001,4.624042753554038
2004.02.18.13.42.39,0.1519778949926806,5.34280981199709,1.558,5.237603797830837,0.10715204861988174,3.107589335879194,0.8180000000000001,3.8543360142847427,0.10844385675712283,3.5202986149089726,1.157,5.4221605315727475,0.06838898680069036,3.192556821266902,0.616,4.752227152409271
2004.02.18.13.52.39,0.1554629642453569,5.455089645424461,1.795,6.001429372770146,0.10667604448420871,3.075964958964674,0.913,4.4152368254498064,0.109120043245458,3.6972987304190568,1.303,6.598237854253867,0.06826972335488936,3.1534148392525045,0.632,5.185314698871519
2004.02.18.14.02.39,0.15592530873561505,5.241556979939596,1.5030000000000001,4.944675154097643,0.10808725022919852,3.1460284578185242,1.079,5.4215460080387805,0.11131765104238299,3.419254440978534,1.099,5.264214565369214,0.06809130832588878,3.196221706841817,0.5900000000000001,4.655513424456767
2004.02.18.14.12.39,0.15534268396963735,5.617530006241532,1.8279999999999998,6.270008828934448,0.10701456462096935,3.2172557427865334,1.15,5.681469640636778,0.10825913960767355,3.557994903775252,1.308,6.041060388712379,0.06959945355781808,3.13502611063653,0.569,4.454057958119957
2004.02.18.14.22.39,0.15443912888659403,5.784423139432197,1.684,5.5620619346459215,0.10896717897490969,3.1540588575188755,0.923,4.3682878136140575,0.1130998336129689,3.9590684438836092,1.558,7.144130757654347,0.06961460803842646,3.1792748759691385,0.5740000000000001,4.35253474145466
2004.02.18.14.32.39,0.1553537588243663,5.61616408241109,1.643,5.4391989379240355,0.10708662550163828,3.035763751697076,0.896,4.631764215900256,0.11067331880852652,3.9406332717289256,1.5619999999999998,7.897115668068907,0.06841530640427348,3.1584363564074587,0.5860000000000001,4.531149771780255
2004.02.18.14.42.39,0.1636656377093154,5.826460757283755,1.763,5.608996566710289,0.10867178086803975,3.1211472767778523,0.874,4.564202371932169,0.11222279280346473,3.42549076347054,1.1280000000000001,5.177201399875181,0.07143642209926075,3.1466694143789606,0.603,4.339523045670676
2004.02.18.14.52.39,0.1562463933958757,5.986025426473298,1.787,5.996938422930236,0.109098245619559,3.021472198081359,0.854,4.005563953098575,0.10976504270308182,3.517030985542661,1.311,6.2679336067044895,0.06939969225548663,3.155085648168495,0.579,4.221920738803217
2004.02.18.15.02.39,0.145387459832554,5.500774861310396,1.609,6.149086042425116,0.10763862042697257,3.0688817827870065,0.923,4.97033497714671,0.11142897099126364,3.6829632839100266,1.3719999999999999,7.4038196050888985,0.06764047593249918,3.0744628933454177,0.552,4.1543173096596755
2004.02.18.15.12.39,0.13575110964383036,4.8574887282894075,1.462,5.591114518263499,0.11023950887230154,3.1732471529874453,1.028,4.76235793655563,0.11367834732432833,3.798358183425648,1.396,7.063790237106568,0.0697778187831966,3.140609896680159,0.6080000000000001,4.686302978544034
2004.02.18.15.22.39,0.1319658662069476,4.728418353736409,1.411,5.402912287044592,0.11090082470352453,3.0251170682308492,0.903,4.138833063027823,0.11415581991603899,3.4256295708417914,1.321,6.394768138294755,0.06861107234293073,2.9922941237223473,0.5780000000000001,4.445346641363569
2004.02.18.15.32.39,0.12557964588633583,4.170020711738275,1.2229999999999999,4.976921184868586,0.1083268410514564,2.9848182934292287,0.86,4.126401136239819,0.11267077727935658,3.516987041945821,1.155,5.653639882332741,0.06915510194483122,3.087892127402114,0.6599999999999999,5.408133159840616
2004.02.18.15.42.39,0.12250529265511603,3.7577765261606118,1.291,5.738527575123845,0.1118254106227091,3.057104519573855,0.9890000000000001,5.025691360044701,0.114929588031447,3.466435830103242,1.394,6.1167886533069735,0.06846591091215577,3.0532082414904407,0.569,4.250290343370491
2004.02.18.15.52.39,0.12193231444797815,3.8535628017026946,1.123,4.928964095538544,0.1105492387114787,3.173771623130434,1.1280000000000001,5.789275507091725,0.11515776839229629,3.646029120154237,1.367,6.165454662001742,0.06870904213204493,3.0348743564930913,0.535,3.9150596726852376
2004.02.18.16.02.39,0.11888064914120539,3.7442252875255817,1.115,4.803136625892505,0.1113497878046502,3.0434844087766506,0.962,4.652007069010034,0.11316568695977648,3.5285978025296196,1.326,6.238640165290915,0.06782830173036179,3.0346645809117176,0.581,4.393446281238781
2004.02.18.16.12.39,0.12123167830323373,3.744659164543376,1.123,4.8749634441399605,0.11299711780754632,3.0890515928838242,0.984,4.8850803516966845,0.11599147265431034,3.4551161480405517,1.241,5.707316105667183,0.06794772411855032,3.081398235499014,0.601,4.562330880415276
2004.02.18.16.22.39,0.12019822474738083,3.6216526602009442,1.194,5.1997440171313265,0.11095231481185679,3.035516744129999,1.018,4.8218912864252195,0.11511956314353948,3.5090312910784425,1.289,6.089321231404796,0.06777017580407789,3.1240623094530364,0.588,4.50050477782068
2004.02.18.16.32.39,0.12071113848803731,3.6546762590964943,1.184,5.036817708916347,0.11053585589958186,3.014933679534646,1.01,5.165744593489505,0.11622365145788152,3.5747845060599737,1.443,7.623233213603506,0.06756706665302077,3.0750221717734143,0.554,4.188431051081418
2004.02.18.16.42.39,0.12601823908478982,3.651267186465122,1.13,4.491413339137154,0.1152111949143561,3.1181664316470714,1.0670000000000002,4.6870445220311865,0.11711971935634655,3.62465920896672,1.509,6.796464373160795,0.06909878854310689,3.1352167995364817,0.613,4.659994868059403
2004.02.18.16.52.39,0.12889697940148995,3.707926710769292,1.2970000000000002,5.267772783759674,0.11300998663869545,3.0092386385680183,0.925,4.362446317033659,0.11673739915437607,3.4783541588315043,1.294,5.936400887975598,0.06892591874897733,3.043021344375965,0.5760000000000001,4.323482449110212
2004.02.18.17.02.39,0.14386658265043908,3.8912405209916154,1.3479999999999999,5.074145687979001,0.11603629024704674,2.9979577124547916,0.94,4.352086738767942,0.11935319929369562,3.3429476129457405,1.2690000000000001,5.663861580589463,0.06956865321224513,3.1090192931771017,0.637,4.772264298219345
2004.02.18.17.12.39,0.1530643899497957,3.942993069277872,1.294,4.625504339920083,0.1148828390109626,3.0500875204127635,0.901,4.247805888166056,0.11891001657142103,3.2680434259543167,1.1179999999999999,4.74308234295169,0.06838030465311723,3.0611803435745344,0.5860000000000001,4.60658959619947
2004.02.18.17.22.39,0.16624198964489612,4.348028731376786,1.611,5.034829057254953,0.1175902086813965,3.0790551908109336,1.059,5.00041633222329,0.11913526955176572,3.555997678460861,1.518,6.412878426971894,0.07001354430907458,3.108973425012022,0.5640000000000001,4.156338646639304
2004.02.18.17.32.39,0.17545500989725793,4.183291689599853,1.48,4.274600083743298,0.1190700998230664,3.0891331726023084,0.962,4.165613371761987,0.12167161876337472,3.5389886189167212,1.401,6.09838191964086,0.07182240195005316,3.1390670764178505,0.586,4.218739443032171
2004.02.18.17.42.39,0.18285186194832348,4.385662486057388,1.78,5.32671633540853,0.11794790399426616,3.029918446560096,1.016,4.349377840787562,0.12282190147698363,3.3822999854545777,1.2109999999999999,5.031675886534055,0.0699209898686993,3.148235240724606,0.54,3.947312538313387
2004.02.18.17.52.39,0.18304781036359397,4.233677050316086,1.47,4.1901621138023035,0.1193797303545759,3.053964652211606,1.025,4.414484757460333,0.12433940955920311,3.4434552554079807,1.381,6.240981863682684,0.07171452159376004,3.1427817182244633,0.647,4.531857603973455
2004.02.18.18.02.39,0.18434091303017047,4.303366189780892,1.5030000000000001,4.301812261666581,0.11644586280690161,3.081343829520001,0.9910000000000001,4.71463722940839,0.12050231414725508,3.3090213131930857,1.214,5.3525943013161,0.07141366755784567,3.0844859578912334,0.5960000000000001,4.480934965856463
2004.02.18.18.12.39,0.17369571009967763,4.02037496354042,1.4969999999999999,4.456068601555154,0.11746041387686747,3.018082650571845,0.95,4.282293782203847,0.12244059066415638,3.4737704184590634,1.306,5.5047104587131725,0.07086054746824921,3.255394857157848,0.657,5.1650744042585215
2004.02.18.18.22.39,0.16510211595072383,4.067268555058079,1.396,4.86365662472589,0.11688586868748559,2.967097369026101,0.942,4.132236047211005,0.12248585855875362,3.2220323556800716,1.282,5.9598716830632,0.06975803185162623,3.078213616597978,0.603,4.974337589369798
2004.02.18.18.32.39,0.17317741069831213,4.146197452969874,1.492,4.556021462721235,0.12060983348630307,3.0461831619028636,0.998,4.187054947367536,0.12704489490831825,3.4977707026522316,1.634,6.690548255507639,0.07126679558071732,3.130374055160112,0.581,4.251629353207272
2004.02.18.18.42.39,0.17769195249213948,4.3526061061171655,1.6920000000000002,5.154988659604722,0.11871828482733295,3.096078639095517,0.986,4.439080304828216,0.12437756278766682,3.4066075336856834,1.4140000000000001,6.359667951930917,0.07010025465806098,3.1977137507494913,0.601,4.636217109128968
2004.02.18.18.52.39,0.1765543943106221,4.339958487414516,1.552,4.395246026189184,0.11935326904626975,3.0899927527034174,0.965,4.071945442999069,0.12393202837140205,3.336358102561687,1.429,6.148531658954397,0.07212591968921869,3.1415669389620797,0.588,4.090069163362035
2004.02.18.19.02.39,0.19303768417012682,4.830056361432022,1.772,5.159614322363146,0.12199432559965905,3.0942567845933704,0.952,3.959200541712326,0.12648120884703093,3.247239684119006,1.379,5.692545213342982,0.07341580829905181,3.223097467344866,0.623,4.426839498601523
2004.02.18.19.12.39,0.17691763882590783,4.3679778747043585,1.385,4.459702295577205,0.12301562361075828,3.0742311659727726,0.9570000000000001,4.0482662720611335,0.12941833324714372,3.236476044690312,1.536,6.111962502943589,0.07363864043580907,3.2930457667418835,0.5960000000000001,4.481342920605135
2004.02.18.19.22.39,0.17101502598113455,4.696591727765891,1.5950000000000002,5.426423758239653,0.12082427819429287,3.024490743116875,0.967,4.038923362863099,0.12784219398344193,3.228431087763938,1.358,5.749275549003773,0.07574778771521978,3.3173731673467177,0.63,4.2509492318189706
2004.02.18.19.32.39,0.17515580745372283,4.7447864206890555,1.6360000000000001,4.978424710413255,0.12112257136851858,3.1745973421635867,1.001,4.293171736074579,0.12685690892417675,3.320262508421917,1.37,5.565325578143963,0.07549867516169985,3.3369013707985955,0.706,4.887502982134342
2004.02.18.19.42.39,0.16993852734495457,5.255060008475886,1.8330000000000002,5.472567136657675,0.1234174574313866,3.1413164028449274,1.087,4.788625631252887,0.12940773174411274,3.290530534846086,1.423,6.375198675387743,0.0769631735190604,3.4222433802459626,0.681,4.911439883730703
2004.02.18.19.52.39,0.17552127358377032,5.063029879282959,1.746,5.093399687379344,0.12582173882496417,3.205276340204107,1.121,4.6017485166491845,0.12943072490266028,3.1091467829158925,1.2229999999999999,4.7515765708839,0.07766078426148795,3.2934448356856167,0.6910000000000001,4.815815389408408
2004.02.18.20.02.39,0.16959605990457519,5.114570282627857,1.621,5.165214336305275,0.12586788204489957,3.040076523119827,1.116,4.600061513654922,0.13307821599445052,3.2903076099900233,1.5459999999999998,6.34964929222704,0.0795259916606475,3.3965165088167124,0.6739999999999999,4.36335332328473
2004.02.18.20.12.39,0.18459811645737173,5.410826161644821,1.762,5.195069258582911,0.12801402224982278,3.144001144015702,1.284,5.241613287414137,0.13433679362368953,3.3009597508719866,1.411,5.776526140513427,0.08292028422018494,3.5138241127090044,0.6719999999999999,4.184742047899677
2004.02.18.20.22.39,0.17965330544203745,5.008146048458189,1.8090000000000002,5.070878032321654,0.12767232303953938,3.1270163960208475,1.0670000000000002,4.378396090019299,0.13491285580740398,3.1648016459755732,1.462,5.625853781373638,0.0842070446410958,3.455722254715064,0.764,4.583939522461513
2004.02.18.20.32.39,0.17156891922189388,4.313511599383221,1.7429999999999999,5.478847825486836,0.129627746023228,3.152562657036847,1.15,4.559209105542101,0.1337111372058836,3.1377139914642895,1.436,5.496924305327487,0.08215667999839925,3.3712459346392167,0.7130000000000001,4.8444021838243065
2004.02.18.20.42.39,0.16924480048212523,4.07642680595924,1.658,4.921864645927348,0.13041202771468685,3.0172072138719908,0.999,3.9336862480378914,0.13780149775384565,3.2739836706076484,1.345,5.174109219579234,0.0823701342336643,3.383886250626934,0.667,4.151990320057366
2004.02.18.20.52.39,0.1579695922949849,3.7112063302087432,1.4020000000000001,4.65279418223411,0.13071375759950155,2.9496458666222733,1.018,3.978158149146368,0.13785713562870078,3.092557670052416,1.462,6.194818977670706,0.08105283168056192,3.260173677788317,0.754,4.725313009537347
2004.02.18.21.02.39,0.1509290111484535,3.878651414831351,1.3599999999999999,4.677695789748332,0.1286565720256475,2.872290005855116,0.955,3.7386352863817427,0.13801231616802356,3.0062924135139313,1.2349999999999999,4.5793014532889185,0.07899702266442546,3.2548452273157586,0.6910000000000001,4.734355642600978
2004.02.18.21.12.39,0.1583352741280449,3.5093037113259804,1.343,4.503102697276417,0.12905296953310488,2.8649599056281785,0.991,3.8588805960970327,0.1385658538371174,3.0982661330801715,1.3599999999999999,5.621875652826459,0.0809062753476206,3.2934711567472412,0.698,4.795672502941526
2004.02.18.21.22.39,0.1705056983331129,3.359855679666394,1.4089999999999998,4.211002957785379,0.13071961865447695,2.940734451192943,1.177,4.651176359434529,0.13958859089134487,3.192904212404195,1.516,5.895897327601935,0.08242731824443125,3.1950096239046313,0.7010000000000001,4.476671179641701
2004.02.18.21.32.39,0.1677026281379484,3.397801942541892,1.35,4.281387882659712,0.1264757582765987,2.791875651505128,0.891,3.573807393283142,0.1378480961327427,3.0848572096933236,1.3599999999999999,5.259412500712751,0.07707262358737131,3.203204426040254,0.617,4.048130003597316
2004.02.18.21.42.39,0.17962051482417904,3.5302426757931595,1.674,4.782304520398627,0.12685672686298755,2.8459682827038257,0.9490000000000001,4.2883023506317555,0.1369988507521938,2.9906732806815755,1.226,4.992742612397768,0.08004548237125489,3.368540759270503,0.6819999999999999,4.672343634152513
2004.02.18.21.52.39,0.192045559881796,3.7571049470480635,1.782,4.931121555650015,0.130220611337789,2.7809463881146805,0.996,3.939468527522812,0.14158237167370097,3.082099160811397,1.345,5.240765437310633,0.08059037834649524,3.3331707235814,0.73,4.640752502637491
2004.02.18.22.02.39,0.19999621285476882,3.8609358829813223,1.701,4.270080857081773,0.12996715799848485,2.868317068718688,1.052,4.547302634769392,0.14282382306041855,3.051154741880548,1.543,6.595538333976028,0.08098863159274655,3.347414477824383,0.7130000000000001,4.7290587884720106
2004.02.18.22.12.39,0.22445728524686076,4.431368065279877,1.9939999999999998,4.468556228401714,0.1301809246569222,2.8382184325405775,0.992,4.109665078888746,0.14342471263125953,3.4930957982519977,1.601,6.212318530424623,0.0824191815318194,3.5077556650038066,0.6739999999999999,4.29511666362923
2004.02.18.22.22.39,0.26592951772685464,5.188355898835968,2.38,4.553838213792648,0.13365761083303018,3.004357353668095,1.091,4.272109881668567,0.14185050432117566,3.170295825262022,1.411,5.350703570862774,0.08918987410338758,3.6275766429811225,0.754,4.238149271988298
2004.02.18.22.32.39,0.2011581127574153,4.816224804256944,2.033,5.2893715566079145,0.13302817066115405,2.9937246991256097,1.099,4.239703494356893,0.1437263917434573,2.985236810784932,1.262,4.6546774874451975,0.08456276272594072,3.539569905001799,0.703,4.24536744575721
2004.02.18.22.42.39,0.19690958785954438,4.428409190819313,1.865,5.220670111468988,0.1308814257540843,2.9538796279203505,1.054,4.194636456906628,0.1465399342969349,3.0725181042039544,1.639,6.216735420080333,0.08850099421228272,3.5687705364955304,0.8640000000000001,5.242878954410697
2004.02.18.22.52.39,0.19559759904444923,4.190712564559828,1.787,4.928485854169061,0.1340497999884861,2.962673723249509,1.0470000000000002,3.9164549297730673,0.14881775045861464,3.0668728633064473,1.662,5.987189009739681,0.08980250248809885,3.547702609322414,0.789,4.487625498558995
2004.02.18.23.02.39,0.16647280153930175,3.7069339010890476,1.433,4.721491995882806,0.13041200000802744,3.00713894861285,1.152,4.493451522589401,0.14505850281276603,3.0054035659755325,1.3860000000000001,5.50122870790978,0.08470963185208412,3.4705107224283562,0.752,4.674793070656666
2004.02.18.23.12.39,0.16240046470838684,3.83651464086753,1.4820000000000002,4.963039985429154,0.13219226480035387,2.9051928634168442,1.0859999999999999,4.410242920646589,0.1466137017439451,3.0352511117220105,1.389,5.0472772407887225,0.08533190398608616,3.4305497049518916,0.7030000000000001,4.2891343436996126
2004.02.18.23.22.39,0.17006932323917576,3.807976366660822,1.541,4.8980026740537825,0.1330387567253078,3.0596848442453823,1.0470000000000002,3.961251690649252,0.14636688104618306,3.032674671824375,1.8130000000000002,6.401721436588848,0.08844842164230872,3.4619920187149735,0.732,4.330207287913824
2004.02.18.23.32.39,0.16308295465086547,3.2385955216466082,1.416,4.75831457469784,0.1339275859971187,2.930711588006934,1.05,4.121630326495064,0.14812738641933124,2.8385882298830283,1.174,4.037065761135704,0.08715754861886606,3.116045040219391,0.694,4.543496303821952
2004.02.18.23.42.39,0.19798816462121702,3.69187524643914,1.6429999999999998,4.166915742556413,0.13530528163483216,2.8878351893754406,1.1869999999999998,4.604402669818757,0.15035234675198164,2.968543971915623,1.323,4.755496109278895,0.08862409946430697,3.0583339785749373,0.683,4.186220252081872
2004.02.18.23.52.39,0.18847632684570761,3.6431576445294054,1.589,4.403736075987213,0.13394255961920298,2.793812975043594,0.9279999999999999,3.516432725632891,0.15039000844029457,2.9561335277338245,1.391,4.867344630082968,0.08666092863992617,3.1535335251353667,0.7050000000000001,4.223356543070524
2004.02.19.00.02.39,0.21543727935965637,4.458711595945801,2.073,5.189445407605538,0.13569316277479912,2.93509320312418,1.016,3.9058710782621056,0.1505584610552077,2.8759142600161915,1.291,4.895108483672348,0.08968323160574668,3.2370573819396546,0.673,3.779970836580311
2004.02.19.00.12.39,0.18385103886621773,3.8855776669293616,1.7309999999999999,5.553408924400735,0.1389291936549312,2.982440276938526,1.0230000000000001,3.7789033837192036,0.15649009116494406,2.958203184408806,1.5699999999999998,5.2718992867761285,0.0890026229643332,3.0953121509323127,0.654,3.842583382481353
2004.02.19.00.22.39,0.16387582177044147,3.2644797653217505,1.4209999999999998,4.442388096883432,0.13632821597418168,2.9537482713516106,1.1989999999999998,4.621200354586255,0.15566464887750284,3.0125708272840614,1.653,5.743115128878846,0.08695627240485229,3.258329779588466,0.701,4.071011672991703
2004.02.19.00.32.39,0.1583213382414958,3.3269080575747445,1.343,4.396122517220988,0.12885858436916417,2.8450132541932325,1.013,4.0509524651034,0.15023557039306012,3.0544408114759145,1.6360000000000001,5.784249347384526,0.0849731181641987,3.0829216345357278,0.64,3.8247390118364595
2004.02.19.00.42.39,0.16120348893169154,3.5962783117213477,1.362,4.770368216570403,0.12696804969964393,2.8370479641418416,0.989,4.056138542084295,0.14824818947829937,2.9374275626207424,1.2349999999999999,4.18217586455419,0.08395177448662491,2.9164942054263,0.694,4.192883380399305
2004.02.19.00.52.39,0.18293621668494187,3.9118408191974585,1.5870000000000002,5.018142479578041,0.13576413244374644,2.8857166362493727,1.0790000000000002,4.006949333436099,0.15130328719759156,2.935349652667758,1.3820000000000001,4.904057365462256,0.09242641525196206,3.0219635606696036,0.691,3.754337967712469
2004.02.19.01.02.39,0.2144247164699143,4.374046176080066,1.992,5.088032844166437,0.14294694796196464,3.1350721115057874,1.076,3.9944889215258503,0.15408566350968136,2.8783849018760805,1.236,4.010756003663965,0.0995241821960717,3.2901797192976967,0.8089999999999999,4.3707970304444235
2004.02.19.01.12.39,0.23728752594838,4.252137715806875,2.377,5.183584746328286,0.14393329601302082,3.3337137770361083,1.2349999999999999,4.495137802871336,0.15239768596504344,3.0083617651184538,1.674,6.148387320099641,0.10138030412487983,3.3852631973901772,0.813,4.428868150236792
2004.02.19.01.22.39,0.198759839575617,3.3930067403957853,1.452,3.818678872052737,0.13207541569000456,2.836759580826897,1.157,4.785144886338069,0.1443372505437569,2.9857090913052504,1.355,4.822040030400901,0.09233229915255482,2.8579118503245735,0.694,3.996434653818428
2004.02.19.01.32.39,0.2361434556379342,3.6124751846308487,1.799,4.124611445905919,0.13644289760423817,2.840852315010174,0.986,3.701182024620927,0.14443579466080034,3.047344547101784,1.306,4.6802802697734975,0.09543659416523295,2.879941360626949,0.72,4.013135667193842
2004.02.19.01.42.39,0.20298839432938495,3.5611380194014495,1.587,4.246548197239547,0.12184771409299192,2.919868188831923,1.053,4.612314676425461,0.13519089927967368,3.1269220045475667,1.341,5.547710711269487,0.08991959298798566,2.8342022049708984,0.747,4.9377447700338655
2004.02.19.01.52.39,0.2210419021583139,3.465566975273666,1.814,4.175678868972689,0.12189188484799501,2.984638536665834,0.9830000000000001,4.282483617764701,0.1266342157924745,3.1194032695506926,1.254,5.606699544485932,0.094004500910362,2.8984154469021584,0.755,4.106186366204639
2004.02.19.02.02.39,0.20722116595824314,3.1687446154006875,1.489,3.8992155857419464,0.12071105030615725,2.99085446848066,1.079,4.912557702844809,0.1216560988873323,3.2672653684486153,1.438,6.041620656278774,0.08916761368388258,2.821974223292171,0.666,3.7457546097857715
2004.02.19.02.12.39,0.2615312065920325,3.819911092895623,2.058,4.068348148065382,0.13503415149625111,3.0882695695459406,1.072,4.087854767727592,0.12738028731972717,3.183598590032481,1.2770000000000001,5.212737496292077,0.09953380000658069,2.9956516767746595,0.718,3.677142839676591
2004.02.19.02.22.39,0.201622636741226,3.5009320077403623,1.538,3.997567004514808,0.12770529084025356,2.864810723872813,0.998,4.032722502031753,0.12214001195157649,3.4751813083282435,1.5670000000000002,7.671523729435053,0.0910845637520774,2.8208936945331144,0.735,4.18292611069689
2004.02.19.02.32.39,0.22289943638384188,3.570946027513308,1.9529999999999998,4.9932831507181055,0.15857807357866938,3.009402563398537,1.225,3.9538883645786633,0.14862841653321843,3.0301367194129414,1.7429999999999999,6.075554197929436,0.1017911100151924,2.804776609343202,0.8109999999999999,4.224337468525711
2004.02.19.02.42.39,0.25924244834032173,3.1682813727891928,2.368,5.0184682652437616,0.1723265134739682,3.2355209844978807,1.3399999999999999,4.050450426512229,0.16392207919275245,2.8038371740183616,1.4409999999999998,4.5143400062041055,0.11069233164567566,2.846105392508077,0.793,3.6587900352157945
2004.02.19.02.52.39,0.2316656449388253,3.293096182885587,1.948,4.584192879701419,0.1778901828057745,2.5007511608570896,1.28,3.6258324648765416,0.18336271061090398,2.6561281617762273,1.596,4.684703869931328,0.106301931242746,2.658697475916515,0.7589999999999999,3.9039742283921997
2004.02.19.03.02.39,0.23457642022127484,3.446314670875818,1.9949999999999999,4.361052142559806,0.13942110854462642,2.6661802043840446,0.996,3.679500223137281,0.1649013613781736,2.5923578078885043,1.391,4.33592539215166,0.09584180691704951,2.7434510305549784,0.635,3.4118722352868045
2004.02.19.03.12.39,0.24749721490699395,3.1623530711987686,1.936,4.004085461617837,0.14020749725016937,2.9039562958356164,1.02,3.7587148357671967,0.15023669752494936,2.9324222323718705,1.387,4.66597050886044,0.09154305334231742,2.757277414290268,0.706,4.030890237188791
2004.02.19.03.22.39,0.2971881006007338,3.466871920934435,2.271,4.034481857033812,0.17051667062471487,2.653064514585074,1.1840000000000002,3.7063824767664517,0.1644325549783824,2.79861265977464,1.338,4.129352609580668,0.1086640233504315,2.9979644015701656,0.781,3.7086791706613145
2004.02.19.03.32.39,0.29165111235496877,3.1737045854862607,2.192,3.9842124743406737,0.1767922396376429,2.4378735280810133,1.1840000000000002,3.5465357601957668,0.1639180788450915,2.787361284545304,1.5899999999999999,5.319730478442659,0.11001347906584845,3.0463650502697095,0.8400000000000001,4.217664998325099
2004.02.19.03.42.39,0.3437355161721363,2.7354586639291147,2.385,3.6568813545892587,0.1753833381002971,2.5423062317743135,1.126,3.39827036282753,0.1610617431528104,2.763896908672238,1.162,3.818411423850709,0.11697331572541181,3.651624407526883,0.869,4.257381240427745
2004.02.19.03.52.39,0.3148111378891517,2.741125948768762,2.1109999999999998,3.4496873499513603,0.14647182746260243,3.21908635118494,1.3900000000000001,5.086302348417243,0.15001939653237345,2.9455575683980006,1.434,4.852705828895274,0.10939108140706102,3.0543306564842605,0.869,3.9948412098958586
2004.02.19.04.02.39,0.3257155681690027,4.596143915409358,3.9399999999999995,6.999972438581706,0.14836215884039047,2.9402400980919654,1.224,4.347469766154439,0.15610522261392715,2.920568468214279,1.3130000000000002,4.362442130999169,0.11879107328329379,3.0465539757043043,0.83,4.049125803021476
2004.02.19.04.12.39,0.35309010723627615,5.237254730225876,4.556,7.3154131114513,0.18421984957793128,2.7411883153135723,1.374,3.8160925742293963,0.18384502166821787,3.001121524573638,1.657,5.151077746935327,0.13417685445517186,3.1802296466906173,1.0150000000000001,3.9649163200329745
2004.02.19.04.22.39,0.429678447916015,9.022866642951612,6.609,8.459814583743091,0.1909521630263798,2.8339234632805246,1.42,4.037660468362892,0.1873818371157124,3.0136278037812576,1.6600000000000001,4.690956250243177,0.14244427621414585,3.760694354730397,1.199,4.801877746015557
2004.02.19.04.32.39,0.41556983063121816,5.7108349028301975,4.8,6.444163658204752,0.16281259701892503,3.1567344927085537,1.416,4.950476896491689,0.1553994002047124,3.4652180564780433,1.7530000000000001,5.656392488272582,0.12783392145518097,3.813460280534729,1.013,4.122536444168836
2004.02.19.04.42.39,0.37168108658761895,11.78736473241632,6.689,9.333270174839065,0.13659868656716653,3.3211945879190945,1.214,4.524201626903089,0.12074348374627718,3.5709870910254353,1.4380000000000002,6.4682579611595825,0.11741531668311794,3.773020700252732,1.074,4.658676699533597
2004.02.19.04.52.39,0.44767279010673977,6.161553346450286,5.193,6.969376001735755,0.19085699804086798,2.9386543218081607,1.3719999999999999,3.7095836530363786,0.16521276011106292,2.785986107389361,1.533,5.126722654052939,0.1299100297140775,3.3580915002494853,1.014,4.326070906433638
2004.02.19.05.02.39,0.6721374879698163,17.110009232265156,9.998000000000001,7.438954216201277,0.1910746474507738,3.4743032850899516,1.526,4.4589903023084165,0.176178534380788,2.8366008274569388,1.728,5.5001025147912,0.12464481608065878,3.7860189649897813,1.072,4.388469710974834
2004.02.19.05.12.39,0.530956128967989,12.796460845214698,8.347000000000001,8.004427801333902,0.17107461065894428,3.6182460598491453,1.479,4.407433675258688,0.16042634800669628,3.1503524949537574,1.391,4.4568738794088585,0.14689424292161904,3.9702485897479214,1.2719999999999998,4.806178826060004
2004.02.19.05.22.39,0.4459182473835416,4.624277812551865,5.869,6.875699790241782,0.17319634233449296,3.1283123837509894,1.284,3.903084735441154,0.14947759862345386,3.2827088715802075,1.411,5.325212656146479,0.1464202701398017,2.9573877234105126,1.089,3.749480857232515
2004.02.19.05.32.39,0.38697483181595205,3.4688574770029175,3.894,5.987469492853172,0.1767019242100415,3.0992677489111506,1.4569999999999999,4.351961663337109,0.1394090273414777,3.126480864430526,1.468,5.659604797811057,0.143398986182892,2.8832309562222878,1.072,3.7796640996382616
2004.02.19.05.42.39,0.7250014697250727,15.577704574521317,9.998000000000001,6.896537743428364,0.21829447570884608,5.452738748815692,2.0020000000000002,5.121522184057243,0.17057677932967422,2.9019628110747795,1.455,4.508233787869518,0.14835112421106725,2.9067134103455814,1.086,3.6669759187400666
2004.02.19.05.52.39,0.46201166565273954,6.759971680444238,5.569,6.235773280593822,0.17081688529176867,3.911258398675006,1.545,5.315633746915972,0.17787780654848429,2.680794092449638,1.4889999999999999,4.295083320536427,0.11662979918783085,3.2595908868908063,0.976,4.5185707569578595
2004.02.19.06.02.39,0.4838353953514789,7.891755233183495,7.197,7.6389615879902015,0.19364109313164588,3.3306274909856532,1.643,4.601296065780099,0.18740544816507637,2.864337612469702,1.629,4.508940419147689,0.1305823384655851,3.6971666810946306,1.104,4.786252163532195
2004.02.19.06.12.39,0.002103011233921493,6.637512638586317,0.005,2.37754317207164,0.004017825272691062,1.1289606545524178,0.007,1.7422360418653884,0.003950171821816743,1.0645818565920973,0.007,1.7720748149078225,0.002153666931073605,4.6527216082391964,0.007,2.3216217549050144
2004.02.19.06.22.39,0.001532732063383878,1.39022596453285,0.007,3.2621487600130754,0.0012386989141837494,1.9059014465046302,0.004,1.6145973626835026,0.0011971034377300065,1.9309876491088005,0.007,4.176748510121391,0.002124103671257597,4.170493858159489,0.007,2.353934070006903
